x,y,CNTR_ID,NA,TOT,TOT_P,du,lr,r,sbu,sdu,uc,vlr
0,51,UK,0,1,3,0,0,0,0,0,0,1
1,11,UK,0,1,0,0,0,0,0,0,0,1
1,31,UK,0,1,12,0,0,0,0,0,0,1
3,17,UK,0,1,0,0,0,0,0,0,0,1
5,0,UK,0,1,0,0,0,0,0,0,0,1
5,1,UK,0,1,14,0,0,0,0,0,0,1
5,17,UK,0,1,5,0,0,0,0,0,0,1
7,57,UK,0,1,9,0,0,0,0,0,0,1
9,48,UK,0,1,0,0,0,0,0,0,0,1
9,60,UK,0,1,0,0,0,0,0,0,0,1
10,59,UK,0,1,4,0,0,0,0,0,0,1
10,60,UK,0,1,6,0,0,0,0,0,0,1
11,52,UK,0,1,33,0,0,0,0,0,0,1
11,61,UK,0,1,39,0,0,0,0,0,0,1
11,62,UK,0,1,3,0,0,0,0,0,0,1
12,53,UK,0,1,0,0,0,0,0,0,0,1
12,60,UK,0,1,7,0,0,0,0,0,0,1
12,61,UK,0,1,143,0,1,0,0,0,0,0
13,49,UK,0,1,14,0,0,0,0,0,0,1
13,60,UK,0,1,59,0,1,0,0,0,0,0
13,61,UK,0,1,1,0,0,0,0,0,0,1
14,59,UK,0,1,0,0,0,0,0,0,0,1
14,60,UK,0,1,0,0,0,0,0,0,0,1
15,7,UK,0,1,0,0,0,0,0,0,0,1
16,0,UK,0,1,0,0,0,0,0,0,0,1
16,7,UK,0,1,20,0,0,0,0,0,0,1
16,17,UK,0,1,3,0,0,0,0,0,0,1
17,4,UK,0,1,0,0,0,0,0,0,0,1
17,52,UK,0,1,0,0,0,0,0,0,0,1
18,1,UK,0,1,0,0,0,0,0,0,0,1
18,2,UK,0,1,0,0,0,0,0,0,0,1
18,3,UK,0,1,0,0,0,0,0,0,0,1
18,4,UK,0,1,80,0,1,0,0,0,0,0
18,20,UK,0,1,1,0,0,0,0,0,0,1
18,51,UK,0,1,18,0,0,0,0,0,0,1
18,52,UK,0,1,0,0,0,0,0,0,0,1
19,2,UK,0,1,26,0,0,0,0,0,0,1
19,8,UK,0,1,4,0,0,0,0,0,0,1
19,27,UK,0,1,0,0,0,0,0,0,0,1
23,26,UK,0,1,26,0,0,0,0,0,0,1
24,25,UK,0,1,2,0,0,0,0,0,0,1
24,43,UK,0,1,0,0,0,0,0,0,0,1
24,44,UK,0,1,2,0,0,0,0,0,0,1
25,5,UK,0,1,0,0,0,0,0,0,0,1
26,5,UK,0,1,0,0,0,0,0,0,0,1
26,16,UK,0,1,0,0,0,0,0,0,0,1
26,17,UK,0,1,0,0,0,0,0,0,0,1
26,50,UK,0,1,0,0,0,0,0,0,0,1
27,44,UK,0,1,0,0,0,0,0,0,0,1
27,45,UK,0,1,0,0,0,0,0,0,0,1
27,46,UK,0,1,0,0,0,0,0,0,0,1
27,50,UK,0,1,0,0,0,0,0,0,0,1
27,54,UK,0,1,0,0,0,0,0,0,0,1
28,45,UK,0,1,0,0,0,0,0,0,0,1
28,46,UK,0,1,13,0,0,0,0,0,0,1
28,47,UK,0,1,5,0,0,0,0,0,0,1
28,48,UK,0,1,0,0,0,0,0,0,0,1
28,51,UK,0,1,0,0,0,0,0,0,0,1
28,52,UK,0,1,0,0,0,0,0,0,0,1
28,55,UK,0,1,0,0,0,0,0,0,0,1
29,36,UK,0,1,3,0,0,0,0,0,0,1
29,46,UK,0,1,0,0,0,0,0,0,0,1
29,47,UK,0,1,94,0,1,0,0,0,0,0
29,48,UK,0,1,25,0,0,0,0,0,0,1
29,49,UK,0,1,9,0,0,0,0,0,0,1
29,51,UK,0,1,0,0,0,0,0,0,0,1
29,52,UK,0,1,60,0,1,0,0,0,0,0
29,53,UK,0,1,0,0,0,0,0,0,0,1
29,54,UK,0,1,0,0,0,0,0,0,0,1
29,55,UK,0,1,62,0,1,0,0,0,0,0
30,20,UK,0,1,2,0,0,0,0,0,0,1
30,28,UK,0,1,0,0,0,0,0,0,0,1
30,49,UK,0,1,18,0,0,0,0,0,0,1
31,50,UK,0,1,5,0,0,0,0,0,0,1
32,48,UK,0,1,3,0,0,0,0,0,0,1
32,49,UK,0,1,6,0,0,0,0,0,0,1
32,50,UK,0,1,7,0,0,0,0,0,0,1
32,51,UK,0,1,6,0,0,0,0,0,0,1
34,52,UK,0,1,0,0,0,0,0,0,0,1
36,33,UK,0,1,5,0,0,0,0,0,0,1
36,52,UK,0,1,27,0,0,0,0,0,0,1
37,33,UK,0,1,5,0,0,0,0,0,0,1
37,48,UK,0,1,0,0,0,0,0,0,0,1
37,50,UK,0,1,0,0,0,0,0,0,0,1
38,35,UK,0,1,37,0,0,0,0,0,0,1
38,50,UK,0,1,70,0,1,0,0,0,0,0
38,51,UK,0,1,0,0,0,0,0,0,0,1
40,38,UK,0,1,0,0,0,0,0,0,0,1
40,39,UK,0,1,0,0,0,0,0,0,0,1
40,46,UK,0,1,0,0,0,0,0,0,0,1
40,48,UK,0,1,0,0,0,0,0,0,0,1
40,50,UK,0,1,0,0,0,0,0,0,0,1
40,51,UK,0,1,0,0,0,0,0,0,0,1
41,43,UK,0,1,0,0,0,0,0,0,0,1
41,44,UK,0,1,0,0,0,0,0,0,0,1
41,45,UK,0,1,0,0,0,0,0,0,0,1
41,46,UK,0,1,16,0,0,0,0,0,0,1
41,48,UK,0,1,0,0,0,0,0,0,0,1
41,49,UK,0,1,33,0,0,0,0,0,0,1
41,50,UK,0,1,133,0,1,0,0,0,0,0
41,51,UK,0,1,21,0,0,0,0,0,0,1
42,50,UK,0,1,0,0,0,0,0,0,0,1
42,51,UK,0,1,15,0,0,0,0,0,0,1
42,52,UK,0,1,0,0,0,0,0,0,0,1
43,50,UK,0,1,0,0,0,0,0,0,0,1
43,51,UK,0,1,22,0,0,0,0,0,0,1
44,26,UK,0,1,2,0,0,0,0,0,0,1
44,51,UK,0,1,0,0,0,0,0,0,0,1
45,20,UK,0,1,7,0,0,0,0,0,0,1
45,21,UK,0,1,0,0,0,0,0,0,0,1
45,51,UK,0,1,26,0,0,0,0,0,0,1
46,14,UK,0,1,6,0,0,0,0,0,0,1
48,53,UK,0,1,6,0,0,0,0,0,0,1
49,18,UK,0,1,0,0,0,0,0,0,0,1
49,50,UK,0,1,0,0,0,0,0,0,0,1
49,51,UK,0,1,167,0,1,0,0,0,0,0
49,52,UK,0,1,0,0,0,0,0,0,0,1
50,18,UK,0,1,0,0,0,0,0,0,0,1
51,13,UK,0,1,0,0,0,0,0,0,0,1
51,14,UK,0,1,0,0,0,0,0,0,0,1
51,17,UK,0,1,0,0,0,0,0,0,0,1
51,18,UK,0,1,56,0,1,0,0,0,0,0
51,51,UK,0,1,0,0,0,0,0,0,0,1
52,10,UK,0,1,2,0,0,0,0,0,0,1
52,19,UK,0,1,0,0,0,0,0,0,0,1
52,20,UK,0,1,0,0,0,0,0,0,0,1
52,54,UK,0,1,0,0,0,0,0,0,0,1
53,19,UK,0,1,0,0,0,0,0,0,0,1
53,20,UK,0,1,0,0,0,0,0,0,0,1
53,54,UK,0,1,0,0,0,0,0,0,0,1
54,51,UK,0,1,0,0,0,0,0,0,0,1
54,52,UK,0,1,21,0,0,0,0,0,0,1
54,53,UK,0,1,59,0,1,0,0,0,0,0
54,54,UK,0,1,0,0,0,0,0,0,0,1
54,55,UK,0,1,0,0,0,0,0,0,0,1
55,5,UK,0,1,13,0,0,0,0,0,0,1
55,51,UK,0,1,42,0,0,0,0,0,0,1
56,29,UK,0,1,0,0,0,0,0,0,0,1
56,52,UK,0,1,0,0,0,0,0,0,0,1
58,38,UK,0,1,65,0,1,0,0,0,0,0
58,39,UK,0,1,0,0,0,0,0,0,0,1
58,40,UK,0,1,22,0,0,0,0,0,0,1
58,41,UK,0,1,0,0,0,0,0,0,0,1
58,43,UK,0,1,0,0,0,0,0,0,0,1
58,50,UK,0,1,22,0,0,0,0,0,0,1
58,51,UK,0,1,166,0,1,0,0,0,0,0
58,52,UK,0,1,4,0,0,0,0,0,0,1
59,3,UK,0,1,0,0,0,0,0,0,0,1
59,34,UK,0,1,0,0,0,0,0,0,0,1
59,42,UK,0,1,0,0,0,0,0,0,0,1
59,44,UK,0,1,0,0,0,0,0,0,0,1
59,47,UK,0,1,0,0,0,0,0,0,0,1
59,48,UK,0,1,0,0,0,0,0,0,0,1
59,49,UK,0,1,0,0,0,0,0,0,0,1
59,50,UK,0,1,89,0,1,0,0,0,0,0
59,51,UK,0,1,0,0,0,0,0,0,0,1
60,3,UK,0,1,0,0,0,0,0,0,0,1
60,47,UK,0,1,0,0,0,0,0,0,0,1
60,48,UK,0,1,0,0,0,0,0,0,0,1
61,48,UK,0,1,0,0,0,0,0,0,0,1
61,51,UK,0,1,0,0,0,0,0,0,0,1
62,50,UK,0,1,0,0,0,0,0,0,0,1
63,13,UK,0,1,46,0,0,0,0,0,0,1
64,0,UK,0,1,35,0,0,0,0,0,0,1
64,1,UK,0,1,3,0,0,0,0,0,0,1
64,49,UK,0,1,0,0,0,0,0,0,0,1
65,0,UK,0,1,0,0,0,0,0,0,0,1
65,49,UK,0,1,0,0,0,0,0,0,0,1
65,50,UK,0,1,0,0,0,0,0,0,0,1
66,0,UK,0,1,0,0,0,0,0,0,0,1
66,48,UK,0,1,41,0,0,0,0,0,0,1
66,49,UK,0,1,124,0,1,0,0,0,0,0
66,50,UK,0,1,0,0,0,0,0,0,0,1
67,48,UK,0,1,0,0,0,0,0,0,0,1
67,49,UK,0,1,68,0,1,0,0,0,0,0
68,0,UK,0,1,3,0,0,0,0,0,0,1
68,28,UK,0,1,11,0,0,0,0,0,0,1
68,48,UK,0,1,0,0,0,0,0,0,0,1
68,49,UK,0,1,35,0,0,0,0,0,0,1
68,50,UK,0,1,0,0,0,0,0,0,0,1
69,3,UK,0,1,0,0,0,0,0,0,0,1
69,9,UK,0,1,17,0,0,0,0,0,0,1
69,48,UK,0,1,66,0,1,0,0,0,0,0
69,49,UK,0,1,4,0,0,0,0,0,0,1
69,50,UK,0,1,0,0,0,0,0,0,0,1
70,48,UK,0,1,0,0,0,0,0,0,0,1
70,49,UK,0,1,13,0,0,0,0,0,0,1
70,50,UK,0,1,0,0,0,0,0,0,0,1
70,51,UK,0,1,0,0,0,0,0,0,0,1
71,45,UK,0,1,0,0,0,0,0,0,0,1
71,47,UK,0,1,0,0,0,0,0,0,0,1
71,48,UK,0,1,7,0,0,0,0,0,0,1
71,49,UK,0,1,0,0,0,0,0,0,0,1
71,50,UK,0,1,0,0,0,0,0,0,0,1
71,51,UK,0,1,0,0,0,0,0,0,0,1
72,12,UK,0,1,4,0,0,0,0,0,0,1
72,45,UK,0,1,0,0,0,0,0,0,0,1
72,46,UK,0,1,0,0,0,0,0,0,0,1
72,47,UK,0,1,16,0,0,0,0,0,0,1
72,49,UK,0,1,0,0,0,0,0,0,0,1
72,50,UK,0,1,0,0,0,0,0,0,0,1
72,51,UK,0,1,50,0,1,0,0,0,0,0
72,52,UK,0,1,0,0,0,0,0,0,0,1
73,5,UK,0,1,22,0,0,0,0,0,0,1
73,7,UK,0,1,0,0,0,0,0,0,0,1
73,43,UK,0,1,20,0,0,0,0,0,0,1
73,47,UK,0,1,21,0,0,0,0,0,0,1
73,48,UK,0,1,0,0,0,0,0,0,0,1
73,49,UK,0,1,0,0,0,0,0,0,0,1
73,50,UK,0,1,26,0,0,0,0,0,0,1
73,51,UK,0,1,8,0,0,0,0,0,0,1
73,52,UK,0,1,0,0,0,0,0,0,0,1
73,53,UK,0,1,0,0,0,0,0,0,0,1
74,5,UK,0,1,0,0,0,0,0,0,0,1
74,41,UK,0,1,0,0,0,0,0,0,0,1
74,46,UK,0,1,0,0,0,0,0,0,0,1
74,47,UK,0,1,0,0,0,0,0,0,0,1
74,48,UK,0,1,0,0,0,0,0,0,0,1
74,50,UK,0,1,11,0,0,0,0,0,0,1
74,51,UK,0,1,21,0,0,0,0,0,0,1
74,52,UK,0,1,0,0,0,0,0,0,0,1
74,53,UK,0,1,4,0,0,0,0,0,0,1
75,4,UK,0,1,75,0,1,0,0,0,0,0
75,5,UK,0,1,2,0,0,0,0,0,0,1
75,45,UK,0,1,0,0,0,0,0,0,0,1
75,46,UK,0,1,0,0,0,0,0,0,0,1
75,47,UK,0,1,0,0,0,0,0,0,0,1
75,48,UK,0,1,0,0,0,0,0,0,0,1
75,49,UK,0,1,0,0,0,0,0,0,0,1
75,50,UK,0,1,0,0,0,0,0,0,0,1
75,51,UK,0,1,0,0,0,0,0,0,0,1
75,52,UK,0,1,0,0,0,0,0,0,0,1
75,53,UK,0,1,0,0,0,0,0,0,0,1
75,54,UK,0,1,0,0,0,0,0,0,0,1
76,6,UK,0,1,6,0,0,0,0,0,0,1
76,7,UK,0,1,0,0,0,0,0,0,0,1
76,39,UK,0,1,26,0,0,0,0,0,0,1
76,40,UK,0,1,0,0,0,0,0,0,0,1
76,45,UK,0,1,0,0,0,0,0,0,0,1
76,46,UK,0,1,84,0,1,0,0,0,0,0
76,47,UK,0,1,0,0,0,0,0,0,0,1
76,48,UK,0,1,44,0,0,0,0,0,0,1
76,49,UK,0,1,0,0,0,0,0,0,0,1
76,51,UK,0,1,69,0,1,0,0,0,0,0
76,52,UK,0,1,0,0,0,0,0,0,0,1
76,53,UK,0,1,0,0,0,0,0,0,0,1
77,6,UK,0,1,3,0,0,0,0,0,0,1
77,8,UK,0,1,0,0,0,0,0,0,0,1
77,40,UK,0,1,0,0,0,0,0,0,0,1
77,41,UK,0,1,0,0,0,0,0,0,0,1
77,43,UK,0,1,0,0,0,0,0,0,0,1
77,45,UK,0,1,0,0,0,0,0,0,0,1
77,46,UK,0,1,0,0,0,0,0,0,0,1
77,47,UK,0,1,0,0,0,0,0,0,0,1
77,49,UK,0,1,16,0,0,0,0,0,0,1
77,51,UK,0,1,0,0,0,0,0,0,0,1
77,52,UK,0,1,0,0,0,0,0,0,0,1
78,8,UK,0,1,0,0,0,0,0,0,0,1
78,9,UK,0,1,35,0,0,0,0,0,0,1
78,38,UK,0,1,82,0,1,0,0,0,0,0
78,39,UK,0,1,0,0,0,0,0,0,0,1
78,40,UK,0,1,0,0,0,0,0,0,0,1
78,41,UK,0,1,0,0,0,0,0,0,0,1
78,42,UK,0,1,11,0,0,0,0,0,0,1
78,44,UK,0,1,0,0,0,0,0,0,0,1
78,45,UK,0,1,0,0,0,0,0,0,0,1
78,46,UK,0,1,0,0,0,0,0,0,0,1
78,47,UK,0,1,0,0,0,0,0,0,0,1
78,49,UK,0,1,0,0,0,0,0,0,0,1
78,50,UK,0,1,21,0,0,0,0,0,0,1
78,52,UK,0,1,0,0,0,0,0,0,0,1
79,9,UK,0,1,0,0,0,0,0,0,0,1
79,10,UK,0,1,5,0,0,0,0,0,0,1
79,11,UK,0,1,46,0,0,0,0,0,0,1
79,12,UK,0,1,24,0,0,0,0,0,0,1
79,15,UK,0,1,0,0,0,0,0,0,0,1
79,39,UK,0,1,0,0,0,0,0,0,0,1
79,41,UK,0,1,69,0,1,0,0,0,0,0
79,42,UK,0,1,0,0,0,0,0,0,0,1
79,44,UK,0,1,0,0,0,0,0,0,0,1
79,45,UK,0,1,26,0,0,0,0,0,0,1
79,47,UK,0,1,20,0,0,0,0,0,0,1
79,48,UK,0,1,0,0,0,0,0,0,0,1
79,49,UK,0,1,54,0,1,0,0,0,0,0
79,50,UK,0,1,0,0,0,0,0,0,0,1
79,51,UK,0,1,0,0,0,0,0,0,0,1
79,53,UK,0,1,0,0,0,0,0,0,0,1
80,10,UK,0,1,50,0,1,0,0,0,0,0
80,11,UK,0,1,167,0,1,0,0,0,0,0
80,12,UK,0,1,1,0,0,0,0,0,0,1
80,13,UK,0,1,0,0,0,0,0,0,0,1
80,15,UK,0,1,17,0,0,0,0,0,0,1
80,16,UK,0,1,19,0,0,0,0,0,0,1
80,17,UK,0,1,0,0,0,0,0,0,0,1
80,30,UK,0,1,26,0,0,0,0,0,0,1
80,37,UK,0,1,0,0,0,0,0,0,0,1
80,38,UK,0,1,0,0,0,0,0,0,0,1
80,42,UK,0,1,0,0,0,0,0,0,0,1
80,43,UK,0,1,0,0,0,0,0,0,0,1
80,44,UK,0,1,0,0,0,0,0,0,0,1
80,46,UK,0,1,0,0,0,0,0,0,0,1
80,47,UK,0,1,69,0,1,0,0,0,0,0
80,48,UK,0,1,27,0,0,0,0,0,0,1
80,49,UK,0,1,0,0,0,0,0,0,0,1
80,50,UK,0,1,0,0,0,0,0,0,0,1
80,51,UK,0,1,0,0,0,0,0,0,0,1
81,11,UK,0,1,31,0,0,0,0,0,0,1
81,12,UK,0,1,0,0,0,0,0,0,0,1
81,16,UK,0,1,0,0,0,0,0,0,0,1
81,35,UK,0,1,49,0,0,0,0,0,0,1
81,36,UK,0,1,0,0,0,0,0,0,0,1
81,37,UK,0,1,35,0,0,0,0,0,0,1
81,38,UK,0,1,0,0,0,0,0,0,0,1
81,41,UK,0,1,0,0,0,0,0,0,0,1
81,44,UK,0,1,0,0,0,0,0,0,0,1
81,45,UK,0,1,0,0,0,0,0,0,0,1
81,46,UK,0,1,31,0,0,0,0,0,0,1
81,47,UK,0,1,4,0,0,0,0,0,0,1
81,48,UK,0,1,12,0,0,0,0,0,0,1
81,49,UK,0,1,1111,0,0,0,0,1,0,0
81,50,UK,0,1,1052,0,0,0,0,1,0,0
81,51,UK,0,1,394,0,0,0,0,1,0,0
81,52,UK,0,1,185,0,1,0,0,0,0,0
82,13,UK,0,1,6,0,0,0,0,0,0,1
82,14,UK,0,1,0,0,0,0,0,0,0,1
82,15,UK,0,1,32,0,0,0,0,0,0,1
82,16,UK,0,1,0,0,0,0,0,0,0,1
82,35,UK,0,1,19,0,0,0,0,0,0,1
82,36,UK,0,1,0,0,0,0,0,0,0,1
82,37,UK,0,1,0,0,0,0,0,0,0,1
82,38,UK,0,1,60,0,1,0,0,0,0,0
82,39,UK,0,1,4,0,0,0,0,0,0,1
82,40,UK,0,1,472,0,0,1,0,0,0,0
82,41,UK,0,1,493,0,0,1,0,0,0,0
82,42,UK,0,1,44,0,0,0,0,0,0,1
82,43,UK,0,1,6,0,0,0,0,0,0,1
82,47,UK,0,1,0,0,0,0,0,0,0,1
82,48,UK,0,1,0,0,0,0,0,0,0,1
82,49,UK,0,1,1131,0,0,0,0,1,0,0
82,50,UK,0,1,2115,0,0,0,0,1,0,0
82,51,UK,0,1,14,0,0,0,0,0,0,1
82,53,UK,0,1,0,0,0,0,0,0,0,1
83,13,UK,0,1,91,0,1,0,0,0,0,0
83,14,UK,0,1,11,0,0,0,0,0,0,1
83,15,UK,0,1,24,0,0,0,0,0,0,1
83,16,UK,0,1,0,0,0,0,0,0,0,1
83,35,UK,0,1,0,0,0,0,0,0,0,1
83,38,UK,0,1,0,0,0,0,0,0,0,1
83,39,UK,0,1,2,0,0,0,0,0,0,1
83,40,UK,0,1,6,0,0,0,0,0,0,1
83,41,UK,0,1,52,0,1,0,0,0,0,0
83,42,UK,0,1,0,0,0,0,0,0,0,1
83,45,UK,0,1,0,0,0,0,0,0,0,1
83,46,UK,0,1,0,0,0,0,0,0,0,1
83,47,UK,0,1,0,0,0,0,0,0,0,1
83,48,UK,0,1,0,0,0,0,0,0,0,1
83,49,UK,0,1,1326,0,0,0,0,1,0,0
83,50,UK,0,1,662,0,0,0,0,1,0,0
84,13,UK,0,1,8,0,0,0,0,0,0,1
84,14,UK,0,1,4,0,0,0,0,0,0,1
84,15,UK,0,1,11,0,0,0,0,0,0,1
84,23,UK,0,1,16,0,0,0,0,0,0,1
84,25,UK,0,1,0,0,0,0,0,0,0,1
84,27,UK,0,1,0,0,0,0,0,0,0,1
84,28,UK,0,1,0,0,0,0,0,0,0,1
84,33,UK,0,1,0,0,0,0,0,0,0,1
84,34,UK,0,1,0,0,0,0,0,0,0,1
84,35,UK,0,1,0,0,0,0,0,0,0,1
84,36,UK,0,1,5,0,0,0,0,0,0,1
84,37,UK,0,1,0,0,0,0,0,0,0,1
84,38,UK,0,1,0,0,0,0,0,0,0,1
84,39,UK,0,1,82,0,1,0,0,0,0,0
84,40,UK,0,1,0,0,0,0,0,0,0,1
84,41,UK,0,1,0,0,0,0,0,0,0,1
84,42,UK,0,1,0,0,0,0,0,0,0,1
84,43,UK,0,1,34,0,0,0,0,0,0,1
84,44,UK,0,1,0,0,0,0,0,0,0,1
84,45,UK,0,1,0,0,0,0,0,0,0,1
84,46,UK,0,1,0,0,0,0,0,0,0,1
84,48,UK,0,1,0,0,0,0,0,0,0,1
84,49,UK,0,1,0,0,0,0,0,0,0,1
84,50,UK,0,1,0,0,0,0,0,0,0,1
84,51,UK,0,1,0,0,0,0,0,0,0,1
85,14,UK,0,1,0,0,0,0,0,0,0,1
85,34,UK,0,1,34,0,0,0,0,0,0,1
85,35,UK,0,1,70,0,1,0,0,0,0,0
85,36,UK,0,1,5,0,0,0,0,0,0,1
85,37,UK,0,1,0,0,0,0,0,0,0,1
85,38,UK,0,1,0,0,0,0,0,0,0,1
85,39,UK,0,1,0,0,0,0,0,0,0,1
85,40,UK,0,1,0,0,0,0,0,0,0,1
85,41,UK,0,1,0,0,0,0,0,0,0,1
85,42,UK,0,1,3,0,0,0,0,0,0,1
85,43,UK,0,1,0,0,0,0,0,0,0,1
85,44,UK,0,1,0,0,0,0,0,0,0,1
85,45,UK,0,1,3,0,0,0,0,0,0,1
85,46,UK,0,1,49,0,0,0,0,0,0,1
85,47,UK,0,1,105,0,1,0,0,0,0,0
85,48,UK,0,1,0,0,0,0,0,0,0,1
85,49,UK,0,1,30,0,0,0,0,0,0,1
85,50,UK,0,1,0,0,0,0,0,0,0,1
85,51,UK,0,1,0,0,0,0,0,0,0,1
86,14,UK,0,1,0,0,0,0,0,0,0,1
86,15,UK,0,1,0,0,0,0,0,0,0,1
86,16,UK,0,1,0,0,0,0,0,0,0,1
86,34,UK,0,1,0,0,0,0,0,0,0,1
86,35,UK,0,1,0,0,0,0,0,0,0,1
86,38,UK,0,1,0,0,0,0,0,0,0,1
86,39,UK,0,1,0,0,0,0,0,0,0,1
86,40,UK,0,1,58,0,1,0,0,0,0,0
86,42,UK,0,1,0,0,0,0,0,0,0,1
86,44,UK,0,1,0,0,0,0,0,0,0,1
86,46,UK,0,1,0,0,0,0,0,0,0,1
86,47,UK,0,1,8,0,0,0,0,0,0,1
86,48,UK,0,1,0,0,0,0,0,0,0,1
86,49,UK,0,1,0,0,0,0,0,0,0,1
86,50,UK,0,1,0,0,0,0,0,0,0,1
86,51,UK,0,1,0,0,0,0,0,0,0,1
87,14,UK,0,1,0,0,0,0,0,0,0,1
87,15,UK,0,1,59,0,1,0,0,0,0,0
87,35,UK,0,1,20,0,0,0,0,0,0,1
87,36,UK,0,1,0,0,0,0,0,0,0,1
87,38,UK,0,1,0,0,0,0,0,0,0,1
87,39,UK,0,1,5,0,0,0,0,0,0,1
87,41,UK,0,1,28,0,0,0,0,0,0,1
87,42,UK,0,1,0,0,0,0,0,0,0,1
87,43,UK,0,1,0,0,0,0,0,0,0,1
87,45,UK,0,1,0,0,0,0,0,0,0,1
87,47,UK,0,1,25,0,0,0,0,0,0,1
87,48,UK,0,1,53,0,1,0,0,0,0,0
87,49,UK,0,1,112,0,1,0,0,0,0,0
87,50,UK,0,1,0,0,0,0,0,0,0,1
88,15,UK,0,1,48,0,0,0,0,0,0,1
88,16,UK,0,1,6,0,0,0,0,0,0,1
88,17,UK,0,1,8,0,0,0,0,0,0,1
88,34,UK,0,1,0,0,0,0,0,0,0,1
88,35,UK,0,1,0,0,0,0,0,0,0,1
88,36,UK,0,1,0,0,0,0,0,0,0,1
88,37,UK,0,1,5,0,0,0,0,0,0,1
88,38,UK,0,1,0,0,0,0,0,0,0,1
88,39,UK,0,1,0,0,0,0,0,0,0,1
88,41,UK,0,1,0,0,0,0,0,0,0,1
88,42,UK,0,1,0,0,0,0,0,0,0,1
88,44,UK,0,1,0,0,0,0,0,0,0,1
88,46,UK,0,1,0,0,0,0,0,0,0,1
88,47,UK,0,1,0,0,0,0,0,0,0,1
88,48,UK,0,1,0,0,0,0,0,0,0,1
88,49,UK,0,1,0,0,0,0,0,0,0,1
89,15,UK,0,1,92,0,1,0,0,0,0,0
89,16,UK,0,1,0,0,0,0,0,0,0,1
89,17,UK,0,1,45,0,0,0,0,0,0,1
89,18,UK,0,1,0,0,0,0,0,0,0,1
89,34,UK,0,1,17,0,0,0,0,0,0,1
89,35,UK,0,1,0,0,0,0,0,0,0,1
89,36,UK,0,1,63,0,1,0,0,0,0,0
89,37,UK,0,1,0,0,0,0,0,0,0,1
89,38,UK,0,1,0,0,0,0,0,0,0,1
89,39,UK,0,1,23,0,0,0,0,0,0,1
89,40,UK,0,1,0,0,0,0,0,0,0,1
89,43,UK,0,1,0,0,0,0,0,0,0,1
89,44,UK,0,1,49,0,0,0,0,0,0,1
89,46,UK,0,1,0,0,0,0,0,0,0,1
89,47,UK,0,1,32,0,0,0,0,0,0,1
89,48,UK,0,1,47,0,0,0,0,0,0,1
89,49,UK,0,1,29,0,0,0,0,0,0,1
90,15,UK,0,1,306,0,1,0,0,0,0,0
90,16,UK,0,1,138,0,1,0,0,0,0,0
90,17,UK,0,1,4,0,0,0,0,0,0,1
90,32,UK,0,1,10,0,0,0,0,0,0,1
90,34,UK,0,1,0,0,0,0,0,0,0,1
90,35,UK,0,1,0,0,0,0,0,0,0,1
90,36,UK,0,1,0,0,0,0,0,0,0,1
90,38,UK,0,1,0,0,0,0,0,0,0,1
90,39,UK,0,1,42,0,0,0,0,0,0,1
90,40,UK,0,1,2,0,0,0,0,0,0,1
90,41,UK,0,1,0,0,0,0,0,0,0,1
90,44,UK,0,1,0,0,0,0,0,0,0,1
90,45,UK,0,1,0,0,0,0,0,0,0,1
90,46,UK,0,1,0,0,0,0,0,0,0,1
90,47,UK,0,1,34,0,0,0,0,0,0,1
90,48,UK,0,1,752,0,0,1,0,0,0,0
90,49,UK,0,1,0,0,0,0,0,0,0,1
91,15,UK,0,1,75,0,1,0,0,0,0,0
91,16,UK,0,1,0,0,0,0,0,0,0,1
91,17,UK,0,1,28,0,0,0,0,0,0,1
91,32,UK,0,1,0,0,0,0,0,0,0,1
91,33,UK,0,1,0,0,0,0,0,0,0,1
91,34,UK,0,1,24,0,0,0,0,0,0,1
91,35,UK,0,1,0,0,0,0,0,0,0,1
91,37,UK,0,1,0,0,0,0,0,0,0,1
91,38,UK,0,1,42,0,0,0,0,0,0,1
91,39,UK,0,1,3,0,0,0,0,0,0,1
91,40,UK,0,1,0,0,0,0,0,0,0,1
91,42,UK,0,1,0,0,0,0,0,0,0,1
91,44,UK,0,1,12,0,0,0,0,0,0,1
91,46,UK,0,1,0,0,0,0,0,0,0,1
91,47,UK,0,1,29,0,0,0,0,0,0,1
91,48,UK,0,1,0,0,0,0,0,0,0,1
92,15,UK,0,1,28,0,0,0,0,0,0,1
92,17,UK,0,1,15,0,0,0,0,0,0,1
92,19,UK,0,1,32,0,0,0,0,0,0,1
92,33,UK,0,1,0,0,0,0,0,0,0,1
92,34,UK,0,1,280,0,1,0,0,0,0,0
92,36,UK,0,1,0,0,0,0,0,0,0,1
92,37,UK,0,1,0,0,0,0,0,0,0,1
92,38,UK,0,1,0,0,0,0,0,0,0,1
92,39,UK,0,1,0,0,0,0,0,0,0,1
92,40,UK,0,1,0,0,0,0,0,0,0,1
92,41,UK,0,1,91,0,1,0,0,0,0,0
92,44,UK,0,1,0,0,0,0,0,0,0,1
92,47,UK,0,1,0,0,0,0,0,0,0,1
92,51,UK,0,1,0,0,0,0,0,0,0,1
92,52,UK,0,1,0,0,0,0,0,0,0,1
92,53,UK,0,1,0,0,0,0,0,0,0,1
92,56,UK,0,1,5,0,0,0,0,0,0,1
93,15,UK,0,1,0,0,0,0,0,0,0,1
93,16,UK,0,1,0,0,0,0,0,0,0,1
93,31,UK,0,1,19,0,0,0,0,0,0,1
93,33,UK,0,1,0,0,0,0,0,0,0,1
93,34,UK,0,1,46,0,0,0,0,0,0,1
93,35,UK,0,1,17,0,0,0,0,0,0,1
93,36,UK,0,1,3,0,0,0,0,0,0,1
93,37,UK,0,1,0,0,0,0,0,0,0,1
93,38,UK,0,1,6,0,0,0,0,0,0,1
93,39,UK,0,1,0,0,0,0,0,0,0,1
93,40,UK,0,1,0,0,0,0,0,0,0,1
93,41,UK,0,1,0,0,0,0,0,0,0,1
93,42,UK,0,1,50,0,1,0,0,0,0,0
93,43,UK,0,1,56,0,1,0,0,0,0,0
93,44,UK,0,1,0,0,0,0,0,0,0,1
93,45,UK,0,1,0,0,0,0,0,0,0,1
93,46,UK,0,1,18,0,0,0,0,0,0,1
93,47,UK,0,1,0,0,0,0,0,0,0,1
93,50,UK,0,1,0,0,0,0,0,0,0,1
93,51,UK,0,1,238,0,1,0,0,0,0,0
93,52,UK,0,1,0,0,0,0,0,0,0,1
93,53,UK,0,1,0,0,0,0,0,0,0,1
93,54,UK,0,1,8,0,0,0,0,0,0,1
93,56,UK,0,1,5,0,0,0,0,0,0,1
94,15,UK,0,1,0,0,0,0,0,0,0,1
94,16,UK,0,1,0,0,0,0,0,0,0,1
94,17,UK,0,1,77,0,1,0,0,0,0,0
94,18,UK,0,1,0,0,0,0,0,0,0,1
94,31,UK,0,1,0,0,0,0,0,0,0,1
94,33,UK,0,1,27,0,0,0,0,0,0,1
94,34,UK,0,1,6,0,0,0,0,0,0,1
94,35,UK,0,1,0,0,0,0,0,0,0,1
94,36,UK,0,1,0,0,0,0,0,0,0,1
94,37,UK,0,1,0,0,0,0,0,0,0,1
94,39,UK,0,1,0,0,0,0,0,0,0,1
94,40,UK,0,1,0,0,0,0,0,0,0,1
94,41,UK,0,1,0,0,0,0,0,0,0,1
94,42,UK,0,1,0,0,0,0,0,0,0,1
94,43,UK,0,1,33,0,0,0,0,0,0,1
94,45,UK,0,1,0,0,0,0,0,0,0,1
94,46,UK,0,1,0,0,0,0,0,0,0,1
94,47,UK,0,1,64,0,1,0,0,0,0,0
94,50,UK,0,1,0,0,0,0,0,0,0,1
94,51,UK,0,1,0,0,0,0,0,0,0,1
94,52,UK,0,1,0,0,0,0,0,0,0,1
94,53,UK,0,1,57,0,1,0,0,0,0,0
95,17,UK,0,1,12,0,0,0,0,0,0,1
95,28,UK,0,1,0,0,0,0,0,0,0,1
95,32,UK,0,1,0,0,0,0,0,0,0,1
95,35,UK,0,1,17,0,0,0,0,0,0,1
95,36,UK,0,1,0,0,0,0,0,0,0,1
95,37,UK,0,1,49,0,0,0,0,0,0,1
95,40,UK,0,1,25,0,0,0,0,0,0,1
95,41,UK,0,1,0,0,0,0,0,0,0,1
95,42,UK,0,1,0,0,0,0,0,0,0,1
95,44,UK,0,1,0,0,0,0,0,0,0,1
95,45,UK,0,1,0,0,0,0,0,0,0,1
95,46,UK,0,1,0,0,0,0,0,0,0,1
95,47,UK,0,1,0,0,0,0,0,0,0,1
95,48,UK,0,1,0,0,0,0,0,0,0,1
95,49,UK,0,1,47,0,0,0,0,0,0,1
95,50,UK,0,1,0,0,0,0,0,0,0,1
95,51,UK,0,1,40,0,0,0,0,0,0,1
95,52,UK,0,1,0,0,0,0,0,0,0,1
95,53,UK,0,1,0,0,0,0,0,0,0,1
96,18,UK,0,1,0,0,0,0,0,0,0,1
96,28,UK,0,1,0,0,0,0,0,0,0,1
96,30,UK,0,1,0,0,0,0,0,0,0,1
96,31,UK,0,1,0,0,0,0,0,0,0,1
96,32,UK,0,1,13,0,0,0,0,0,0,1
96,33,UK,0,1,0,0,0,0,0,0,0,1
96,37,UK,0,1,0,0,0,0,0,0,0,1
96,38,UK,0,1,0,0,0,0,0,0,0,1
96,39,UK,0,1,0,0,0,0,0,0,0,1
96,40,UK,0,1,0,0,0,0,0,0,0,1
96,41,UK,0,1,0,0,0,0,0,0,0,1
96,43,UK,0,1,0,0,0,0,0,0,0,1
96,44,UK,0,1,0,0,0,0,0,0,0,1
96,46,UK,0,1,0,0,0,0,0,0,0,1
96,49,UK,0,1,0,0,0,0,0,0,0,1
96,50,UK,0,1,0,0,0,0,0,0,0,1
96,51,UK,0,1,0,0,0,0,0,0,0,1
96,52,UK,0,1,11,0,0,0,0,0,0,1
96,75,UK,0,1,7,0,0,0,0,0,0,1
96,79,UK,0,1,0,0,0,0,0,0,0,1
97,18,UK,0,1,0,0,0,0,0,0,0,1
97,19,UK,0,1,65,0,1,0,0,0,0,0
97,30,UK,0,1,0,0,0,0,0,0,0,1
97,31,UK,0,1,32,0,0,0,0,0,0,1
97,33,UK,0,1,5,0,0,0,0,0,0,1
97,36,UK,0,1,0,0,0,0,0,0,0,1
97,37,UK,0,1,43,0,0,0,0,0,0,1
97,38,UK,0,1,0,0,0,0,0,0,0,1
97,39,UK,0,1,0,0,0,0,0,0,0,1
97,40,UK,0,1,0,0,0,0,0,0,0,1
97,41,UK,0,1,4,0,0,0,0,0,0,1
97,42,UK,0,1,0,0,0,0,0,0,0,1
97,43,UK,0,1,0,0,0,0,0,0,0,1
97,44,UK,0,1,13,0,0,0,0,0,0,1
97,47,UK,0,1,24,0,0,0,0,0,0,1
97,48,UK,0,1,0,0,0,0,0,0,0,1
97,49,UK,0,1,0,0,0,0,0,0,0,1
97,50,UK,0,1,107,0,1,0,0,0,0,0
97,51,UK,0,1,0,0,0,0,0,0,0,1
97,52,UK,0,1,0,0,0,0,0,0,0,1
97,53,UK,0,1,22,0,0,0,0,0,0,1
97,74,UK,0,1,29,0,0,0,0,0,0,1
97,84,UK,0,1,0,0,0,0,0,0,0,1
98,19,UK,0,1,7,0,0,0,0,0,0,1
98,20,UK,0,1,5,0,0,0,0,0,0,1
98,21,UK,0,1,0,0,0,0,0,0,0,1
98,23,UK,0,1,23,0,0,0,0,0,0,1
98,25,UK,0,1,0,0,0,0,0,0,0,1
98,27,UK,0,1,0,0,0,0,0,0,0,1
98,28,UK,0,1,0,0,0,0,0,0,0,1
98,29,UK,0,1,0,0,0,0,0,0,0,1
98,30,UK,0,1,0,0,0,0,0,0,0,1
98,32,UK,0,1,0,0,0,0,0,0,0,1
98,33,UK,0,1,0,0,0,0,0,0,0,1
98,37,UK,0,1,0,0,0,0,0,0,0,1
98,38,UK,0,1,0,0,0,0,0,0,0,1
98,39,UK,0,1,0,0,0,0,0,0,0,1
98,41,UK,0,1,0,0,0,0,0,0,0,1
98,42,UK,0,1,0,0,0,0,0,0,0,1
98,43,UK,0,1,0,0,0,0,0,0,0,1
98,44,UK,0,1,0,0,0,0,0,0,0,1
98,46,UK,0,1,0,0,0,0,0,0,0,1
98,48,UK,0,1,0,0,0,0,0,0,0,1
98,50,UK,0,1,0,0,0,0,0,0,0,1
98,51,UK,0,1,0,0,0,0,0,0,0,1
98,52,UK,0,1,25,0,0,0,0,0,0,1
98,53,UK,0,1,87,0,1,0,0,0,0,0
98,84,UK,0,1,0,0,0,0,0,0,0,1
99,21,UK,0,1,82,0,1,0,0,0,0,0
99,23,UK,0,1,58,0,1,0,0,0,0,0
99,25,UK,0,1,0,0,0,0,0,0,0,1
99,26,UK,0,1,22,0,0,0,0,0,0,1
99,27,UK,0,1,0,0,0,0,0,0,0,1
99,28,UK,0,1,10,0,0,0,0,0,0,1
99,29,UK,0,1,8,0,0,0,0,0,0,1
99,30,UK,0,1,0,0,0,0,0,0,0,1
99,31,UK,0,1,0,0,0,0,0,0,0,1
99,32,UK,0,1,0,0,0,0,0,0,0,1
99,38,UK,0,1,0,0,0,0,0,0,0,1
99,40,UK,0,1,0,0,0,0,0,0,0,1
99,41,UK,0,1,131,0,1,0,0,0,0,0
99,42,UK,0,1,0,0,0,0,0,0,0,1
99,43,UK,0,1,11,0,0,0,0,0,0,1
99,44,UK,0,1,80,0,1,0,0,0,0,0
99,51,UK,0,1,0,0,0,0,0,0,0,1
99,52,UK,0,1,0,0,0,0,0,0,0,1
99,53,UK,0,1,0,0,0,0,0,0,0,1
99,84,UK,0,1,0,0,0,0,0,0,0,1
100,22,UK,0,1,0,0,0,0,0,0,0,1
100,23,UK,0,1,149,0,1,0,0,0,0,0
100,24,UK,0,1,0,0,0,0,0,0,0,1
100,25,UK,0,1,0,0,0,0,0,0,0,1
100,27,UK,0,1,19,0,0,0,0,0,0,1
100,28,UK,0,1,0,0,0,0,0,0,0,1
100,29,UK,0,1,70,0,1,0,0,0,0,0
100,31,UK,0,1,55,0,1,0,0,0,0,0
100,32,UK,0,1,0,0,0,0,0,0,0,1
100,33,UK,0,1,0,0,0,0,0,0,0,1
100,34,UK,0,1,90,0,1,0,0,0,0,0
100,35,UK,0,1,0,0,0,0,0,0,0,1
100,36,UK,0,1,0,0,0,0,0,0,0,1
100,37,UK,0,1,0,0,0,0,0,0,0,1
100,38,UK,0,1,0,0,0,0,0,0,0,1
100,39,UK,0,1,0,0,0,0,0,0,0,1
100,40,UK,0,1,0,0,0,0,0,0,0,1
100,41,UK,0,1,0,0,0,0,0,0,0,1
100,44,UK,0,1,0,0,0,0,0,0,0,1
100,45,UK,0,1,0,0,0,0,0,0,0,1
100,49,UK,0,1,0,0,0,0,0,0,0,1
100,50,UK,0,1,0,0,0,0,0,0,0,1
100,51,UK,0,1,82,0,1,0,0,0,0,0
100,52,UK,0,1,0,0,0,0,0,0,0,1
100,53,UK,0,1,0,0,0,0,0,0,0,1
100,82,UK,0,1,41,0,0,0,0,0,0,1
100,83,UK,0,1,0,0,0,0,0,0,0,1
100,84,UK,0,1,0,0,0,0,0,0,0,1
100,89,UK,0,1,0,0,0,0,0,0,0,1
100,90,UK,0,1,0,0,0,0,0,0,0,1
100,91,UK,0,1,0,0,0,0,0,0,0,1
101,21,UK,0,1,0,0,0,0,0,0,0,1
101,22,UK,0,1,55,0,1,0,0,0,0,0
101,23,UK,0,1,0,0,0,0,0,0,0,1
101,24,UK,0,1,0,0,0,0,0,0,0,1
101,26,UK,0,1,0,0,0,0,0,0,0,1
101,27,UK,0,1,33,0,0,0,0,0,0,1
101,28,UK,0,1,0,0,0,0,0,0,0,1
101,29,UK,0,1,20,0,0,0,0,0,0,1
101,30,UK,0,1,0,0,0,0,0,0,0,1
101,31,UK,0,1,0,0,0,0,0,0,0,1
101,32,UK,0,1,36,0,0,0,0,0,0,1
101,33,UK,0,1,65,0,1,0,0,0,0,0
101,34,UK,0,1,0,0,0,0,0,0,0,1
101,35,UK,0,1,0,0,0,0,0,0,0,1
101,36,UK,0,1,2,0,0,0,0,0,0,1
101,37,UK,0,1,0,0,0,0,0,0,0,1
101,38,UK,0,1,0,0,0,0,0,0,0,1
101,39,UK,0,1,0,0,0,0,0,0,0,1
101,50,UK,0,1,0,0,0,0,0,0,0,1
101,51,UK,0,1,0,0,0,0,0,0,0,1
101,52,UK,0,1,0,0,0,0,0,0,0,1
101,53,UK,0,1,0,0,0,0,0,0,0,1
101,67,UK,0,1,0,0,0,0,0,0,0,1
101,68,UK,0,1,0,0,0,0,0,0,0,1
101,80,UK,0,1,0,0,0,0,0,0,0,1
101,81,UK,0,1,0,0,0,0,0,0,0,1
101,82,UK,0,1,0,0,0,0,0,0,0,1
101,87,UK,0,1,0,0,0,0,0,0,0,1
101,88,UK,0,1,100,0,1,0,0,0,0,0
101,89,UK,0,1,0,0,0,0,0,0,0,1
101,90,UK,0,1,0,0,0,0,0,0,0,1
101,92,UK,0,1,0,0,0,0,0,0,0,1
101,94,UK,0,1,0,0,0,0,0,0,0,1
102,24,UK,0,1,0,0,0,0,0,0,0,1
102,25,UK,0,1,0,0,0,0,0,0,0,1
102,26,UK,0,1,0,0,0,0,0,0,0,1
102,27,UK,0,1,57,0,1,0,0,0,0,0
102,28,UK,0,1,0,0,0,0,0,0,0,1
102,29,UK,0,1,93,0,1,0,0,0,0,0
102,30,UK,0,1,0,0,0,0,0,0,0,1
102,31,UK,0,1,0,0,0,0,0,0,0,1
102,32,UK,0,1,19,0,0,0,0,0,0,1
102,33,UK,0,1,0,0,0,0,0,0,0,1
102,35,UK,0,1,3,0,0,0,0,0,0,1
102,36,UK,0,1,0,0,0,0,0,0,0,1
102,37,UK,0,1,0,0,0,0,0,0,0,1
102,47,UK,0,1,0,0,0,0,0,0,0,1
102,52,UK,0,1,54,0,1,0,0,0,0,0
102,53,UK,0,1,0,0,0,0,0,0,0,1
102,67,UK,0,1,48,0,0,0,0,0,0,1
102,68,UK,0,1,18,0,0,0,0,0,0,1
102,79,UK,0,1,0,0,0,0,0,0,0,1
102,81,UK,0,1,0,0,0,0,0,0,0,1
102,84,UK,0,1,0,0,0,0,0,0,0,1
102,85,UK,0,1,0,0,0,0,0,0,0,1
102,86,UK,0,1,0,0,0,0,0,0,0,1
102,87,UK,0,1,40,0,0,0,0,0,0,1
102,88,UK,0,1,59,0,1,0,0,0,0,0
102,89,UK,0,1,0,0,0,0,0,0,0,1
102,90,UK,0,1,0,0,0,0,0,0,0,1
102,91,UK,0,1,0,0,0,0,0,0,0,1
102,95,UK,0,1,0,0,0,0,0,0,0,1
102,96,UK,0,1,0,0,0,0,0,0,0,1
102,97,UK,0,1,0,0,0,0,0,0,0,1
102,99,UK,0,1,0,0,0,0,0,0,0,1
103,26,UK,0,1,96,0,1,0,0,0,0,0
103,27,UK,0,1,112,0,1,0,0,0,0,0
103,28,UK,0,1,966,0,0,0,0,1,0,0
103,29,UK,0,1,60,0,1,0,0,0,0,0
103,30,UK,0,1,6,0,0,0,0,0,0,1
103,31,UK,0,1,40,0,0,0,0,0,0,1
103,32,UK,0,1,0,0,0,0,0,0,0,1
103,36,UK,0,1,0,0,0,0,0,0,0,1
103,38,UK,0,1,76,0,1,0,0,0,0,0
103,39,UK,0,1,0,0,0,0,0,0,0,1
103,40,UK,0,1,0,0,0,0,0,0,0,1
103,48,UK,0,1,0,0,0,0,0,0,0,1
103,49,UK,0,1,61,0,1,0,0,0,0,0
103,50,UK,0,1,0,0,0,0,0,0,0,1
103,51,UK,0,1,0,0,0,0,0,0,0,1
103,67,UK,0,1,0,0,0,0,0,0,0,1
103,79,UK,0,1,0,0,0,0,0,0,0,1
103,83,UK,0,1,0,0,0,0,0,0,0,1
103,84,UK,0,1,26,0,0,0,0,0,0,1
103,86,UK,0,1,0,0,0,0,0,0,0,1
103,87,UK,0,1,0,0,0,0,0,0,0,1
103,88,UK,0,1,1416,0,0,1,0,0,0,0
103,89,UK,0,1,47,0,0,0,0,0,0,1
103,90,UK,0,1,21,0,0,0,0,0,0,1
103,91,UK,0,1,0,0,0,0,0,0,0,1
103,92,UK,0,1,0,0,0,0,0,0,0,1
103,93,UK,0,1,0,0,0,0,0,0,0,1
103,94,UK,0,1,0,0,0,0,0,0,0,1
103,95,UK,0,1,0,0,0,0,0,0,0,1
103,96,UK,0,1,0,0,0,0,0,0,0,1
103,97,UK,0,1,15,0,0,0,0,0,0,1
103,98,UK,0,1,0,0,0,0,0,0,0,1
103,99,UK,0,1,54,0,1,0,0,0,0,0
103,100,UK,0,1,0,0,0,0,0,0,0,1
103,102,UK,0,1,0,0,0,0,0,0,0,1
103,103,UK,0,1,0,0,0,0,0,0,0,1
104,26,UK,0,1,2,0,0,0,0,0,0,1
104,27,UK,0,1,1024,0,0,0,0,1,0,0
104,28,UK,0,1,2055,0,0,0,0,1,0,0
104,29,UK,0,1,2092,0,0,0,0,1,0,0
104,30,UK,0,1,0,0,0,0,0,0,0,1
104,31,UK,0,1,0,0,0,0,0,0,0,1
104,32,UK,0,1,35,0,0,0,0,0,0,1
104,38,UK,0,1,0,0,0,0,0,0,0,1
104,39,UK,0,1,228,0,1,0,0,0,0,0
104,40,UK,0,1,0,0,0,0,0,0,0,1
104,49,UK,0,1,0,0,0,0,0,0,0,1
104,50,UK,0,1,0,0,0,0,0,0,0,1
104,51,UK,0,1,98,0,1,0,0,0,0,0
104,67,UK,0,1,0,0,0,0,0,0,0,1
104,68,UK,0,1,0,0,0,0,0,0,0,1
104,69,UK,0,1,28,0,0,0,0,0,0,1
104,70,UK,0,1,0,0,0,0,0,0,0,1
104,84,UK,0,1,0,0,0,0,0,0,0,1
104,88,UK,0,1,327,0,0,1,0,0,0,0
104,89,UK,0,1,149,0,1,0,0,0,0,0
104,90,UK,0,1,41,0,0,0,0,0,0,1
104,91,UK,0,1,0,0,0,0,0,0,0,1
104,92,UK,0,1,111,0,1,0,0,0,0,0
104,93,UK,0,1,5,0,0,0,0,0,0,1
104,94,UK,0,1,6,0,0,0,0,0,0,1
104,95,UK,0,1,27,0,0,0,0,0,0,1
104,96,UK,0,1,0,0,0,0,0,0,0,1
104,97,UK,0,1,0,0,0,0,0,0,0,1
104,98,UK,0,1,0,0,0,0,0,0,0,1
104,99,UK,0,1,66,0,1,0,0,0,0,0
104,100,UK,0,1,31,0,0,0,0,0,0,1
104,101,UK,0,1,0,0,0,0,0,0,0,1
104,102,UK,0,1,60,0,1,0,0,0,0,0
104,103,UK,0,1,0,0,0,0,0,0,0,1
104,104,UK,0,1,0,0,0,0,0,0,0,1
105,28,UK,0,1,438,0,0,0,0,1,0,0
105,29,UK,0,1,43,0,0,0,0,0,0,1
105,30,UK,0,1,0,0,0,0,0,0,0,1
105,31,UK,0,1,0,0,0,0,0,0,0,1
105,39,UK,0,1,0,0,0,0,0,0,0,1
105,40,UK,0,1,4,0,0,0,0,0,0,1
105,41,UK,0,1,0,0,0,0,0,0,0,1
105,42,UK,0,1,0,0,0,0,0,0,0,1
105,49,UK,0,1,0,0,0,0,0,0,0,1
105,50,UK,0,1,0,0,0,0,0,0,0,1
105,67,UK,0,1,0,0,0,0,0,0,0,1
105,68,UK,0,1,45,0,0,0,0,0,0,1
105,69,UK,0,1,80,0,1,0,0,0,0,0
105,70,UK,0,1,0,0,0,0,0,0,0,1
105,71,UK,0,1,14,0,0,0,0,0,0,1
105,72,UK,0,1,25,0,0,0,0,0,0,1
105,73,UK,0,1,23,0,0,0,0,0,0,1
105,88,UK,0,1,25,0,0,0,0,0,0,1
105,89,UK,0,1,40,0,0,0,0,0,0,1
105,90,UK,0,1,0,0,0,0,0,0,0,1
105,91,UK,0,1,0,0,0,0,0,0,0,1
105,92,UK,0,1,23,0,0,0,0,0,0,1
105,94,UK,0,1,11,0,0,0,0,0,0,1
105,95,UK,0,1,33,0,0,0,0,0,0,1
105,96,UK,0,1,0,0,0,0,0,0,0,1
105,97,UK,0,1,61,0,1,0,0,0,0,0
105,98,UK,0,1,0,0,0,0,0,0,0,1
105,99,UK,0,1,47,0,0,0,0,0,0,1
105,100,UK,0,1,0,0,0,0,0,0,0,1
105,101,UK,0,1,5,0,0,0,0,0,0,1
105,102,UK,0,1,0,0,0,0,0,0,0,1
105,103,UK,0,1,0,0,0,0,0,0,0,1
105,104,UK,0,1,108,0,1,0,0,0,0,0
105,105,UK,0,1,0,0,0,0,0,0,0,1
105,106,UK,0,1,0,0,0,0,0,0,0,1
105,107,UK,0,1,4,0,0,0,0,0,0,1
106,29,UK,0,1,438,0,0,0,0,1,0,0
106,30,UK,0,1,0,0,0,0,0,0,0,1
106,31,UK,0,1,8,0,0,0,0,0,0,1
106,32,UK,0,1,0,0,0,0,0,0,0,1
106,40,UK,0,1,9,0,0,0,0,0,0,1
106,41,UK,0,1,2,0,0,0,0,0,0,1
106,42,UK,0,1,70,0,1,0,0,0,0,0
106,49,UK,0,1,0,0,0,0,0,0,0,1
106,50,UK,0,1,100,0,1,0,0,0,0,0
106,51,UK,0,1,23,0,0,0,0,0,0,1
106,54,UK,0,1,0,0,0,0,0,0,0,1
106,66,UK,0,1,0,0,0,0,0,0,0,1
106,67,UK,0,1,0,0,0,0,0,0,0,1
106,68,UK,0,1,0,0,0,0,0,0,0,1
106,69,UK,0,1,7,0,0,0,0,0,0,1
106,70,UK,0,1,0,0,0,0,0,0,0,1
106,71,UK,0,1,0,0,0,0,0,0,0,1
106,72,UK,0,1,0,0,0,0,0,0,0,1
106,73,UK,0,1,3,0,0,0,0,0,0,1
106,74,UK,0,1,0,0,0,0,0,0,0,1
106,75,UK,0,1,0,0,0,0,0,0,0,1
106,83,UK,0,1,0,0,0,0,0,0,0,1
106,88,UK,0,1,0,0,0,0,0,0,0,1
106,89,UK,0,1,0,0,0,0,0,0,0,1
106,93,UK,0,1,53,0,1,0,0,0,0,0
106,94,UK,0,1,0,0,0,0,0,0,0,1
106,95,UK,0,1,0,0,0,0,0,0,0,1
106,96,UK,0,1,26,0,0,0,0,0,0,1
106,97,UK,0,1,0,0,0,0,0,0,0,1
106,98,UK,0,1,0,0,0,0,0,0,0,1
106,99,UK,0,1,19,0,0,0,0,0,0,1
106,100,UK,0,1,62,0,1,0,0,0,0,0
106,101,UK,0,1,0,0,0,0,0,0,0,1
106,102,UK,0,1,0,0,0,0,0,0,0,1
106,103,UK,0,1,29,0,0,0,0,0,0,1
106,104,UK,0,1,0,0,0,0,0,0,0,1
106,105,UK,0,1,10,0,0,0,0,0,0,1
106,106,UK,0,1,58,0,1,0,0,0,0,0
106,107,UK,0,1,0,0,0,0,0,0,0,1
107,32,UK,0,1,0,0,0,0,0,0,0,1
107,41,UK,0,1,0,0,0,0,0,0,0,1
107,42,UK,0,1,0,0,0,0,0,0,0,1
107,43,UK,0,1,0,0,0,0,0,0,0,1
107,44,UK,0,1,0,0,0,0,0,0,0,1
107,45,UK,0,1,0,0,0,0,0,0,0,1
107,46,UK,0,1,0,0,0,0,0,0,0,1
107,49,UK,0,1,0,0,0,0,0,0,0,1
107,50,UK,0,1,46,0,0,0,0,0,0,1
107,51,UK,0,1,0,0,0,0,0,0,0,1
107,54,UK,0,1,0,0,0,0,0,0,0,1
107,55,UK,0,1,0,0,0,0,0,0,0,1
107,67,UK,0,1,0,0,0,0,0,0,0,1
107,68,UK,0,1,60,0,1,0,0,0,0,0
107,69,UK,0,1,0,0,0,0,0,0,0,1
107,70,UK,0,1,0,0,0,0,0,0,0,1
107,71,UK,0,1,0,0,0,0,0,0,0,1
107,82,UK,0,1,0,0,0,0,0,0,0,1
107,83,UK,0,1,0,0,0,0,0,0,0,1
107,84,UK,0,1,0,0,0,0,0,0,0,1
107,85,UK,0,1,6,0,0,0,0,0,0,1
107,86,UK,0,1,59,0,1,0,0,0,0,0
107,87,UK,0,1,0,0,0,0,0,0,0,1
107,88,UK,0,1,0,0,0,0,0,0,0,1
107,89,UK,0,1,87,0,1,0,0,0,0,0
107,91,UK,0,1,0,0,0,0,0,0,0,1
107,92,UK,0,1,6,0,0,0,0,0,0,1
107,93,UK,0,1,0,0,0,0,0,0,0,1
107,94,UK,0,1,0,0,0,0,0,0,0,1
107,95,UK,0,1,10,0,0,0,0,0,0,1
107,97,UK,0,1,25,0,0,0,0,0,0,1
107,98,UK,0,1,0,0,0,0,0,0,0,1
107,99,UK,0,1,0,0,0,0,0,0,0,1
107,100,UK,0,1,0,0,0,0,0,0,0,1
107,101,UK,0,1,0,0,0,0,0,0,0,1
107,102,UK,0,1,24,0,0,0,0,0,0,1
107,103,UK,0,1,29,0,0,0,0,0,0,1
107,104,UK,0,1,0,0,0,0,0,0,0,1
107,105,UK,0,1,26,0,0,0,0,0,0,1
107,106,UK,0,1,74,0,1,0,0,0,0,0
107,107,UK,0,1,37,0,0,0,0,0,0,1
108,43,UK,0,1,0,0,0,0,0,0,0,1
108,44,UK,0,1,0,0,0,0,0,0,0,1
108,45,UK,0,1,64,0,1,0,0,0,0,0
108,48,UK,0,1,0,0,0,0,0,0,0,1
108,49,UK,0,1,0,0,0,0,0,0,0,1
108,50,UK,0,1,0,0,0,0,0,0,0,1
108,51,UK,0,1,0,0,0,0,0,0,0,1
108,67,UK,0,1,0,0,0,0,0,0,0,1
108,68,UK,0,1,0,0,0,0,0,0,0,1
108,69,UK,0,1,0,0,0,0,0,0,0,1
108,81,UK,0,1,0,0,0,0,0,0,0,1
108,82,UK,0,1,0,0,0,0,0,0,0,1
108,83,UK,0,1,109,0,1,0,0,0,0,0
108,84,UK,0,1,0,0,0,0,0,0,0,1
108,86,UK,0,1,0,0,0,0,0,0,0,1
108,87,UK,0,1,0,0,0,0,0,0,0,1
108,88,UK,0,1,47,0,0,0,0,0,0,1
108,89,UK,0,1,57,0,1,0,0,0,0,0
108,91,UK,0,1,0,0,0,0,0,0,0,1
108,94,UK,0,1,0,0,0,0,0,0,0,1
108,97,UK,0,1,0,0,0,0,0,0,0,1
108,98,UK,0,1,0,0,0,0,0,0,0,1
108,99,UK,0,1,39,0,0,0,0,0,0,1
108,100,UK,0,1,0,0,0,0,0,0,0,1
108,101,UK,0,1,15,0,0,0,0,0,0,1
108,102,UK,0,1,0,0,0,0,0,0,0,1
108,104,UK,0,1,0,0,0,0,0,0,0,1
108,105,UK,0,1,25,0,0,0,0,0,0,1
108,106,UK,0,1,0,0,0,0,0,0,0,1
109,45,UK,0,1,0,0,0,0,0,0,0,1
109,48,UK,0,1,0,0,0,0,0,0,0,1
109,49,UK,0,1,36,0,0,0,0,0,0,1
109,50,UK,0,1,77,0,1,0,0,0,0,0
109,71,UK,0,1,0,0,0,0,0,0,0,1
109,81,UK,0,1,98,0,1,0,0,0,0,0
109,82,UK,0,1,0,0,0,0,0,0,0,1
109,83,UK,0,1,41,0,0,0,0,0,0,1
109,89,UK,0,1,16,0,0,0,0,0,0,1
109,90,UK,0,1,3,0,0,0,0,0,0,1
109,91,UK,0,1,0,0,0,0,0,0,0,1
109,92,UK,0,1,0,0,0,0,0,0,0,1
109,94,UK,0,1,0,0,0,0,0,0,0,1
109,95,UK,0,1,0,0,0,0,0,0,0,1
109,96,UK,0,1,0,0,0,0,0,0,0,1
109,97,UK,0,1,18,0,0,0,0,0,0,1
109,98,UK,0,1,173,0,1,0,0,0,0,0
109,99,UK,0,1,166,0,1,0,0,0,0,0
109,100,UK,0,1,0,0,0,0,0,0,0,1
109,101,UK,0,1,44,0,0,0,0,0,0,1
109,103,UK,0,1,2,0,0,0,0,0,0,1
109,104,UK,0,1,0,0,0,0,0,0,0,1
109,105,UK,0,1,0,0,0,0,0,0,0,1
109,106,UK,0,1,30,0,0,0,0,0,0,1
109,107,UK,0,1,0,0,0,0,0,0,0,1
110,45,UK,0,1,0,0,0,0,0,0,0,1
110,48,UK,0,1,0,0,0,0,0,0,0,1
110,49,UK,0,1,58,0,1,0,0,0,0,0
110,50,UK,0,1,0,0,0,0,0,0,0,1
110,70,UK,0,1,0,0,0,0,0,0,0,1
110,71,UK,0,1,0,0,0,0,0,0,0,1
110,72,UK,0,1,0,0,0,0,0,0,0,1
110,81,UK,0,1,0,0,0,0,0,0,0,1
110,82,UK,0,1,0,0,0,0,0,0,0,1
110,83,UK,0,1,23,0,0,0,0,0,0,1
110,88,UK,0,1,35,0,0,0,0,0,0,1
110,89,UK,0,1,0,0,0,0,0,0,0,1
110,90,UK,0,1,54,0,1,0,0,0,0,0
110,91,UK,0,1,0,0,0,0,0,0,0,1
110,92,UK,0,1,0,0,0,0,0,0,0,1
110,93,UK,0,1,89,0,1,0,0,0,0,0
110,94,UK,0,1,0,0,0,0,0,0,0,1
110,95,UK,0,1,56,0,1,0,0,0,0,0
110,96,UK,0,1,6,0,0,0,0,0,0,1
110,97,UK,0,1,30,0,0,0,0,0,0,1
110,98,UK,0,1,58,0,1,0,0,0,0,0
110,99,UK,0,1,136,0,1,0,0,0,0,0
110,100,UK,0,1,0,0,0,0,0,0,0,1
110,102,UK,0,1,0,0,0,0,0,0,0,1
110,103,UK,0,1,0,0,0,0,0,0,0,1
110,104,UK,0,1,0,0,0,0,0,0,0,1
110,105,UK,0,1,4,0,0,0,0,0,0,1
110,106,UK,0,1,69,0,1,0,0,0,0,0
110,107,UK,0,1,0,0,0,0,0,0,0,1
111,50,UK,0,1,0,0,0,0,0,0,0,1
111,60,UK,0,1,0,0,0,0,0,0,0,1
111,70,UK,0,1,0,0,0,0,0,0,0,1
111,71,UK,0,1,73,0,1,0,0,0,0,0
111,72,UK,0,1,0,0,0,0,0,0,0,1
111,81,UK,0,1,0,0,0,0,0,0,0,1
111,82,UK,0,1,0,0,0,0,0,0,0,1
111,83,UK,0,1,38,0,0,0,0,0,0,1
111,84,UK,0,1,0,0,0,0,0,0,0,1
111,88,UK,0,1,0,0,0,0,0,0,0,1
111,89,UK,0,1,0,0,0,0,0,0,0,1
111,90,UK,0,1,0,0,0,0,0,0,0,1
111,91,UK,0,1,17,0,0,0,0,0,0,1
111,92,UK,0,1,90,0,1,0,0,0,0,0
111,93,UK,0,1,0,0,0,0,0,0,0,1
111,94,UK,0,1,10,0,0,0,0,0,0,1
111,95,UK,0,1,39,0,0,0,0,0,0,1
111,96,UK,0,1,91,0,1,0,0,0,0,0
111,97,UK,0,1,0,0,0,0,0,0,0,1
111,98,UK,0,1,0,0,0,0,0,0,0,1
111,102,UK,0,1,32,0,0,0,0,0,0,1
111,104,UK,0,1,0,0,0,0,0,0,0,1
111,105,UK,0,1,0,0,0,0,0,0,0,1
111,106,UK,0,1,0,0,0,0,0,0,0,1
111,107,UK,0,1,0,0,0,0,0,0,0,1
112,50,UK,0,1,0,0,0,0,0,0,0,1
112,69,UK,0,1,0,0,0,0,0,0,0,1
112,70,UK,0,1,0,0,0,0,0,0,0,1
112,71,UK,0,1,0,0,0,0,0,0,0,1
112,81,UK,0,1,0,0,0,0,0,0,0,1
112,82,UK,0,1,0,0,0,0,0,0,0,1
112,83,UK,0,1,178,0,1,0,0,0,0,0
112,86,UK,0,1,0,0,0,0,0,0,0,1
112,87,UK,0,1,0,0,0,0,0,0,0,1
112,88,UK,0,1,0,0,0,0,0,0,0,1
112,89,UK,0,1,26,0,0,0,0,0,0,1
112,90,UK,0,1,7,0,0,0,0,0,0,1
112,91,UK,0,1,0,0,0,0,0,0,0,1
112,92,UK,0,1,57,0,1,0,0,0,0,0
112,93,UK,0,1,0,0,0,0,0,0,0,1
112,94,UK,0,1,23,0,0,0,0,0,0,1
112,95,UK,0,1,42,0,0,0,0,0,0,1
112,96,UK,0,1,0,0,0,0,0,0,0,1
112,100,UK,0,1,0,0,0,0,0,0,0,1
112,101,UK,0,1,0,0,0,0,0,0,0,1
112,106,UK,0,1,0,0,0,0,0,0,0,1
112,107,UK,0,1,0,0,0,0,0,0,0,1
113,83,UK,0,1,0,0,0,0,0,0,0,1
113,84,UK,0,1,0,0,0,0,0,0,0,1
113,85,UK,0,1,0,0,0,0,0,0,0,1
113,86,UK,0,1,45,0,0,0,0,0,0,1
113,87,UK,0,1,0,0,0,0,0,0,0,1
113,89,UK,0,1,0,0,0,0,0,0,0,1
113,91,UK,0,1,18,0,0,0,0,0,0,1
113,92,UK,0,1,0,0,0,0,0,0,0,1
113,95,UK,0,1,0,0,0,0,0,0,0,1
113,101,UK,0,1,0,0,0,0,0,0,0,1
113,104,UK,0,1,0,0,0,0,0,0,0,1
113,105,UK,0,1,0,0,0,0,0,0,0,1
113,106,UK,0,1,9,0,0,0,0,0,0,1
114,83,UK,0,1,0,0,0,0,0,0,0,1
114,84,UK,0,1,0,0,0,0,0,0,0,1
114,85,UK,0,1,0,0,0,0,0,0,0,1
114,86,UK,0,1,0,0,0,0,0,0,0,1
114,90,UK,0,1,254,0,1,0,0,0,0,0
114,91,UK,0,1,171,0,1,0,0,0,0,0
114,101,UK,0,1,0,0,0,0,0,0,0,1
114,104,UK,0,1,0,0,0,0,0,0,0,1
114,105,UK,0,1,60,0,1,0,0,0,0,0
114,106,UK,0,1,0,0,0,0,0,0,0,1
115,69,UK,0,1,0,0,0,0,0,0,0,1
115,83,UK,0,1,0,0,0,0,0,0,0,1
115,84,UK,0,1,0,0,0,0,0,0,0,1
115,88,UK,0,1,0,0,0,0,0,0,0,1
115,89,UK,0,1,86,0,1,0,0,0,0,0
115,90,UK,0,1,184,0,1,0,0,0,0,0
115,91,UK,0,1,83,0,1,0,0,0,0,0
115,92,UK,0,1,0,0,0,0,0,0,0,1
115,93,UK,0,1,0,0,0,0,0,0,0,1
115,95,UK,0,1,0,0,0,0,0,0,0,1
115,96,UK,0,1,0,0,0,0,0,0,0,1
115,102,UK,0,1,0,0,0,0,0,0,0,1
115,103,UK,0,1,0,0,0,0,0,0,0,1
115,104,UK,0,1,0,0,0,0,0,0,0,1
115,105,UK,0,1,43,0,0,0,0,0,0,1
116,61,UK,0,1,0,0,0,0,0,0,0,1
116,66,UK,0,1,0,0,0,0,0,0,0,1
116,67,UK,0,1,0,0,0,0,0,0,0,1
116,68,UK,0,1,0,0,0,0,0,0,0,1
116,70,UK,0,1,0,0,0,0,0,0,0,1
116,83,UK,0,1,53,0,1,0,0,0,0,0
116,84,UK,0,1,2,0,0,0,0,0,0,1
116,88,UK,0,1,0,0,0,0,0,0,0,1
116,89,UK,0,1,0,0,0,0,0,0,0,1
116,92,UK,0,1,0,0,0,0,0,0,0,1
116,93,UK,0,1,37,0,0,0,0,0,0,1
116,94,UK,0,1,0,0,0,0,0,0,0,1
116,95,UK,0,1,0,0,0,0,0,0,0,1
116,96,UK,0,1,32,0,0,0,0,0,0,1
116,102,UK,0,1,17,0,0,0,0,0,0,1
116,103,UK,0,1,98,0,1,0,0,0,0,0
116,104,UK,0,1,0,0,0,0,0,0,0,1
117,59,UK,0,1,0,0,0,0,0,0,0,1
117,60,UK,0,1,0,0,0,0,0,0,0,1
117,61,UK,0,1,0,0,0,0,0,0,0,1
117,62,UK,0,1,0,0,0,0,0,0,0,1
117,64,UK,0,1,0,0,0,0,0,0,0,1
117,65,UK,0,1,0,0,0,0,0,0,0,1
117,66,UK,0,1,0,0,0,0,0,0,0,1
117,67,UK,0,1,67,0,1,0,0,0,0,0
117,68,UK,0,1,6,0,0,0,0,0,0,1
117,69,UK,0,1,66,0,1,0,0,0,0,0
117,70,UK,0,1,0,0,0,0,0,0,0,1
117,83,UK,0,1,0,0,0,0,0,0,0,1
117,88,UK,0,1,4,0,0,0,0,0,0,1
117,89,UK,0,1,0,0,0,0,0,0,0,1
117,92,UK,0,1,105,0,1,0,0,0,0,0
117,93,UK,0,1,0,0,0,0,0,0,0,1
117,94,UK,0,1,0,0,0,0,0,0,0,1
117,95,UK,0,1,40,0,0,0,0,0,0,1
117,96,UK,0,1,0,0,0,0,0,0,0,1
117,101,UK,0,1,0,0,0,0,0,0,0,1
117,102,UK,0,1,15,0,0,0,0,0,0,1
118,54,UK,0,1,0,0,0,0,0,0,0,1
118,59,UK,0,1,0,0,0,0,0,0,0,1
118,60,UK,0,1,0,0,0,0,0,0,0,1
118,61,UK,0,1,0,0,0,0,0,0,0,1
118,62,UK,0,1,102,0,1,0,0,0,0,0
118,63,UK,0,1,0,0,0,0,0,0,0,1
118,64,UK,0,1,0,0,0,0,0,0,0,1
118,65,UK,0,1,31,0,0,0,0,0,0,1
118,66,UK,0,1,0,0,0,0,0,0,0,1
118,67,UK,0,1,0,0,0,0,0,0,0,1
118,68,UK,0,1,0,0,0,0,0,0,0,1
118,69,UK,0,1,0,0,0,0,0,0,0,1
118,70,UK,0,1,0,0,0,0,0,0,0,1
118,83,UK,0,1,28,0,0,0,0,0,0,1
118,84,UK,0,1,0,0,0,0,0,0,0,1
118,87,UK,0,1,16,0,0,0,0,0,0,1
118,88,UK,0,1,9,0,0,0,0,0,0,1
118,89,UK,0,1,0,0,0,0,0,0,0,1
118,93,UK,0,1,0,0,0,0,0,0,0,1
118,94,UK,0,1,0,0,0,0,0,0,0,1
118,95,UK,0,1,32,0,0,0,0,0,0,1
118,96,UK,0,1,65,0,1,0,0,0,0,0
118,97,UK,0,1,5,0,0,0,0,0,0,1
118,100,UK,0,1,0,0,0,0,0,0,0,1
118,101,UK,0,1,49,0,0,0,0,0,0,1
118,102,UK,0,1,0,0,0,0,0,0,0,1
118,103,UK,0,1,0,0,0,0,0,0,0,1
118,108,UK,0,1,0,0,0,0,0,0,0,1
119,59,UK,0,1,0,0,0,0,0,0,0,1
119,60,UK,0,1,69,0,1,0,0,0,0,0
119,61,UK,0,1,0,0,0,0,0,0,0,1
119,62,UK,0,1,0,0,0,0,0,0,0,1
119,63,UK,0,1,0,0,0,0,0,0,0,1
119,64,UK,0,1,0,0,0,0,0,0,0,1
119,65,UK,0,1,0,0,0,0,0,0,0,1
119,66,UK,0,1,4,0,0,0,0,0,0,1
119,67,UK,0,1,0,0,0,0,0,0,0,1
119,68,UK,0,1,35,0,0,0,0,0,0,1
119,69,UK,0,1,323,0,1,0,0,0,0,0
119,70,UK,0,1,0,0,0,0,0,0,0,1
119,72,UK,0,1,0,0,0,0,0,0,0,1
119,83,UK,0,1,0,0,0,0,0,0,0,1
119,84,UK,0,1,95,0,1,0,0,0,0,0
119,85,UK,0,1,0,0,0,0,0,0,0,1
119,86,UK,0,1,113,0,1,0,0,0,0,0
119,87,UK,0,1,0,0,0,0,0,0,0,1
119,88,UK,0,1,0,0,0,0,0,0,0,1
119,89,UK,0,1,0,0,0,0,0,0,0,1
119,90,UK,0,1,0,0,0,0,0,0,0,1
119,94,UK,0,1,0,0,0,0,0,0,0,1
119,95,UK,0,1,0,0,0,0,0,0,0,1
119,96,UK,0,1,14,0,0,0,0,0,0,1
119,97,UK,0,1,32,0,0,0,0,0,0,1
119,98,UK,0,1,67,0,1,0,0,0,0,0
119,99,UK,0,1,2,0,0,0,0,0,0,1
119,100,UK,0,1,59,0,1,0,0,0,0,0
119,101,UK,0,1,0,0,0,0,0,0,0,1
119,102,UK,0,1,19,0,0,0,0,0,0,1
119,103,UK,0,1,0,0,0,0,0,0,0,1
119,105,UK,0,1,0,0,0,0,0,0,0,1
120,64,UK,0,1,0,0,0,0,0,0,0,1
120,65,UK,0,1,49,0,0,0,0,0,0,1
120,66,UK,0,1,0,0,0,0,0,0,0,1
120,67,UK,0,1,0,0,0,0,0,0,0,1
120,68,UK,0,1,0,0,0,0,0,0,0,1
120,69,UK,0,1,18,0,0,0,0,0,0,1
120,70,UK,0,1,0,0,0,0,0,0,0,1
120,72,UK,0,1,0,0,0,0,0,0,0,1
120,84,UK,0,1,53,0,1,0,0,0,0,0
120,85,UK,0,1,0,0,0,0,0,0,0,1
120,86,UK,0,1,0,0,0,0,0,0,0,1
120,87,UK,0,1,43,0,0,0,0,0,0,1
120,88,UK,0,1,27,0,0,0,0,0,0,1
120,89,UK,0,1,0,0,0,0,0,0,0,1
120,93,UK,0,1,0,0,0,0,0,0,0,1
120,94,UK,0,1,0,0,0,0,0,0,0,1
120,95,UK,0,1,0,0,0,0,0,0,0,1
120,97,UK,0,1,0,0,0,0,0,0,0,1
120,98,UK,0,1,25,0,0,0,0,0,0,1
120,99,UK,0,1,43,0,0,0,0,0,0,1
120,104,UK,0,1,49,0,0,0,0,0,0,1
120,108,UK,0,1,0,0,0,0,0,0,0,1
120,109,UK,0,1,0,0,0,0,0,0,0,1
120,111,UK,0,1,0,0,0,0,0,0,0,1
121,66,UK,0,1,0,0,0,0,0,0,0,1
121,67,UK,0,1,91,0,1,0,0,0,0,0
121,68,UK,0,1,0,0,0,0,0,0,0,1
121,69,UK,0,1,52,0,1,0,0,0,0,0
121,70,UK,0,1,0,0,0,0,0,0,0,1
121,71,UK,0,1,23,0,0,0,0,0,0,1
121,72,UK,0,1,0,0,0,0,0,0,0,1
121,81,UK,0,1,0,0,0,0,0,0,0,1
121,82,UK,0,1,0,0,0,0,0,0,0,1
121,83,UK,0,1,3,0,0,0,0,0,0,1
121,84,UK,0,1,60,0,1,0,0,0,0,0
121,85,UK,0,1,45,0,0,0,0,0,0,1
121,86,UK,0,1,53,0,1,0,0,0,0,0
121,87,UK,0,1,126,0,1,0,0,0,0,0
121,88,UK,0,1,31,0,0,0,0,0,0,1
121,89,UK,0,1,0,0,0,0,0,0,0,1
121,93,UK,0,1,4,0,0,0,0,0,0,1
121,94,UK,0,1,53,0,1,0,0,0,0,0
121,95,UK,0,1,0,0,0,0,0,0,0,1
121,96,UK,0,1,68,0,1,0,0,0,0,0
121,97,UK,0,1,0,0,0,0,0,0,0,1
121,103,UK,0,1,0,0,0,0,0,0,0,1
121,108,UK,0,1,0,0,0,0,0,0,0,1
121,109,UK,0,1,28,0,0,0,0,0,0,1
121,110,UK,0,1,0,0,0,0,0,0,0,1
122,68,UK,0,1,0,0,0,0,0,0,0,1
122,69,UK,0,1,91,0,1,0,0,0,0,0
122,70,UK,0,1,0,0,0,0,0,0,0,1
122,71,UK,0,1,292,0,1,0,0,0,0,0
122,72,UK,0,1,58,0,1,0,0,0,0,0
122,76,UK,0,1,0,0,0,0,0,0,0,1
122,77,UK,0,1,0,0,0,0,0,0,0,1
122,78,UK,0,1,0,0,0,0,0,0,0,1
122,79,UK,0,1,0,0,0,0,0,0,0,1
122,80,UK,0,1,0,0,0,0,0,0,0,1
122,81,UK,0,1,0,0,0,0,0,0,0,1
122,82,UK,0,1,5,0,0,0,0,0,0,1
122,83,UK,0,1,111,0,1,0,0,0,0,0
122,84,UK,0,1,0,0,0,0,0,0,0,1
122,85,UK,0,1,562,0,0,0,1,0,0,0
122,86,UK,0,1,1650,1,0,0,0,0,0,0
122,87,UK,0,1,89,0,1,0,0,0,0,0
122,96,UK,0,1,0,0,0,0,0,0,0,1
122,103,UK,0,1,0,0,0,0,0,0,0,1
122,108,UK,0,1,0,0,0,0,0,0,0,1
122,109,UK,0,1,0,0,0,0,0,0,0,1
123,68,UK,0,1,0,0,0,0,0,0,0,1
123,69,UK,0,1,0,0,0,0,0,0,0,1
123,70,UK,0,1,0,0,0,0,0,0,0,1
123,71,UK,0,1,10,0,0,0,0,0,0,1
123,72,UK,0,1,0,0,0,0,0,0,0,1
123,73,UK,0,1,25,0,0,0,0,0,0,1
123,74,UK,0,1,0,0,0,0,0,0,0,1
123,76,UK,0,1,98,0,1,0,0,0,0,0
123,77,UK,0,1,84,0,1,0,0,0,0,0
123,78,UK,0,1,0,0,0,0,0,0,0,1
123,79,UK,0,1,0,0,0,0,0,0,0,1
123,80,UK,0,1,66,0,1,0,0,0,0,0
123,82,UK,0,1,3,0,0,0,0,0,0,1
123,83,UK,0,1,0,0,0,0,0,0,0,1
123,84,UK,0,1,71,0,1,0,0,0,0,0
123,85,UK,0,1,2541,1,0,0,0,0,0,0
123,86,UK,0,1,1942,1,0,0,0,0,0,0
123,87,UK,0,1,319,0,0,0,1,0,0,0
123,97,UK,0,1,4,0,0,0,0,0,0,1
123,101,UK,0,1,0,0,0,0,0,0,0,1
123,102,UK,0,1,0,0,0,0,0,0,0,1
123,103,UK,0,1,0,0,0,0,0,0,0,1
123,106,UK,0,1,0,0,0,0,0,0,0,1
123,107,UK,0,1,0,0,0,0,0,0,0,1
124,70,UK,0,1,0,0,0,0,0,0,0,1
124,71,UK,0,1,51,0,1,0,0,0,0,0
124,72,UK,0,1,0,0,0,0,0,0,0,1
124,73,UK,0,1,0,0,0,0,0,0,0,1
124,75,UK,0,1,0,0,0,0,0,0,0,1
124,76,UK,0,1,108,0,1,0,0,0,0,0
124,77,UK,0,1,32,0,0,0,0,0,0,1
124,78,UK,0,1,125,0,1,0,0,0,0,0
124,79,UK,0,1,0,0,0,0,0,0,0,1
124,80,UK,0,1,0,0,0,0,0,0,0,1
124,82,UK,0,1,0,0,0,0,0,0,0,1
124,83,UK,0,1,24,0,0,0,0,0,0,1
124,84,UK,0,1,26,0,0,0,0,0,0,1
124,85,UK,0,1,101,0,1,0,0,0,0,0
124,86,UK,0,1,532,0,0,0,1,0,0,0
124,87,UK,0,1,88,0,1,0,0,0,0,0
124,88,UK,0,1,76,0,1,0,0,0,0,0
124,89,UK,0,1,0,0,0,0,0,0,0,1
124,96,UK,0,1,0,0,0,0,0,0,0,1
124,98,UK,0,1,0,0,0,0,0,0,0,1
124,101,UK,0,1,0,0,0,0,0,0,0,1
124,103,UK,0,1,65,0,1,0,0,0,0,0
124,106,UK,0,1,0,0,0,0,0,0,0,1
124,107,UK,0,1,0,0,0,0,0,0,0,1
124,108,UK,0,1,0,0,0,0,0,0,0,1
124,125,UK,0,1,0,0,0,0,0,0,0,1
125,75,UK,0,1,0,0,0,0,0,0,0,1
125,76,UK,0,1,0,0,0,0,0,0,0,1
125,77,UK,0,1,0,0,0,0,0,0,0,1
125,78,UK,0,1,0,0,0,0,0,0,0,1
125,82,UK,0,1,3,0,0,0,0,0,0,1
125,83,UK,0,1,0,0,0,0,0,0,0,1
125,87,UK,0,1,25,0,0,0,0,0,0,1
125,88,UK,0,1,0,0,0,0,0,0,0,1
125,89,UK,0,1,0,0,0,0,0,0,0,1
125,101,UK,0,1,29,0,0,0,0,0,0,1
125,102,UK,0,1,0,0,0,0,0,0,0,1
125,103,UK,0,1,0,0,0,0,0,0,0,1
125,104,UK,0,1,0,0,0,0,0,0,0,1
125,105,UK,0,1,0,0,0,0,0,0,0,1
125,106,UK,0,1,69,0,1,0,0,0,0,0
125,107,UK,0,1,0,0,0,0,0,0,0,1
125,123,UK,0,1,0,0,0,0,0,0,0,1
125,124,UK,0,1,4,0,0,0,0,0,0,1
126,75,UK,0,1,0,0,0,0,0,0,0,1
126,76,UK,0,1,35,0,0,0,0,0,0,1
126,77,UK,0,1,0,0,0,0,0,0,0,1
126,78,UK,0,1,0,0,0,0,0,0,0,1
126,81,UK,0,1,0,0,0,0,0,0,0,1
126,82,UK,0,1,47,0,0,0,0,0,0,1
126,83,UK,0,1,0,0,0,0,0,0,0,1
126,86,UK,0,1,0,0,0,0,0,0,0,1
126,88,UK,0,1,0,0,0,0,0,0,0,1
126,89,UK,0,1,0,0,0,0,0,0,0,1
126,91,UK,0,1,0,0,0,0,0,0,0,1
126,92,UK,0,1,0,0,0,0,0,0,0,1
126,93,UK,0,1,0,0,0,0,0,0,0,1
126,107,UK,0,1,0,0,0,0,0,0,0,1
126,109,UK,0,1,0,0,0,0,0,0,0,1
126,119,UK,0,1,0,0,0,0,0,0,0,1
126,123,UK,0,1,4,0,0,0,0,0,0,1
126,124,UK,0,1,0,0,0,0,0,0,0,1
127,74,UK,0,1,0,0,0,0,0,0,0,1
127,75,UK,0,1,0,0,0,0,0,0,0,1
127,76,UK,0,1,137,0,1,0,0,0,0,0
127,77,UK,0,1,0,0,0,0,0,0,0,1
127,78,UK,0,1,0,0,0,0,0,0,0,1
127,79,UK,0,1,0,0,0,0,0,0,0,1
127,80,UK,0,1,0,0,0,0,0,0,0,1
127,81,UK,0,1,0,0,0,0,0,0,0,1
127,82,UK,0,1,0,0,0,0,0,0,0,1
127,83,UK,0,1,0,0,0,0,0,0,0,1
127,84,UK,0,1,0,0,0,0,0,0,0,1
127,90,UK,0,1,0,0,0,0,0,0,0,1
127,91,UK,0,1,44,0,0,0,0,0,0,1
127,92,UK,0,1,70,0,1,0,0,0,0,0
127,93,UK,0,1,0,0,0,0,0,0,0,1
127,94,UK,0,1,0,0,0,0,0,0,0,1
127,103,UK,0,1,0,0,0,0,0,0,0,1
127,104,UK,0,1,0,0,0,0,0,0,0,1
127,105,UK,0,1,0,0,0,0,0,0,0,1
127,107,UK,0,1,0,0,0,0,0,0,0,1
127,118,UK,0,1,0,0,0,0,0,0,0,1
127,119,UK,0,1,0,0,0,0,0,0,0,1
127,120,UK,0,1,0,0,0,0,0,0,0,1
127,122,UK,0,1,0,0,0,0,0,0,0,1
127,123,UK,0,1,70,0,1,0,0,0,0,0
127,124,UK,0,1,0,0,0,0,0,0,0,1
