x,y,CNTR_ID,TOT_P_2006,TOT_P_2011,TOT_P_2018,TOT_P_2021
0,12,RO,101,432,378,399
0,13,RO,714,947,828,778
0,14,RO,725,213,196,196
0,16,RO,0,4,3,0
0,17,RO,0,43,0,14
0,19,RO,0,0,0,20
0,20,RO,0,0,0,24
0,22,RO,0,35,30,6
0,23,RO,0,111,0,32
0,24,RO,0,3,2,0
0,26,RO,0,17,14,19
0,27,RO,0,22,18,26
0,30,RO,0,5,3,1
0,31,RO,0,5,3,10
0,32,RO,44,231,160,192
0,33,RO,60,192,186,162
0,34,RO,0,107,74,90
0,35,RO,32,138,130,184
0,36,RO,634,352,331,220
1,3,RO,0,16,14,0
1,13,RO,737,323,282,251
1,14,RO,405,346,337,325
1,15,RO,0,0,0,2
1,16,RO,0,6,5,2
1,17,RO,0,2,4,29
1,18,RO,21,0,0,83
1,19,RO,0,0,0,2
1,20,RO,0,31,27,26
1,21,RO,0,322,295,62
1,22,RO,0,241,220,36
1,23,RO,240,223,212,266
1,25,RO,0,4,3,3
1,26,RO,0,46,38,35
1,27,RO,0,2,2,3
1,29,RO,0,24,17,26
1,30,RO,0,45,31,19
1,31,RO,0,21,15,13
1,32,RO,144,338,245,500
1,33,RO,309,64,296,96
1,34,RO,0,0,0,22
1,35,RO,0,6,6,36
1,36,RO,0,53,50,51
1,37,RO,0,12,11,16
2,14,RO,0,0,0,3
2,17,RO,0,0,0,34
2,18,RO,56,1,1,277
2,19,RO,0,0,3,41
2,21,RO,0,55,49,11
2,22,RO,0,106,96,20
2,23,RO,65,112,109,88
2,24,RO,0,0,0,1
2,25,RO,0,3,3,1
2,26,RO,0,5,4,1
2,27,RO,0,1,1,1
2,29,RO,0,14,10,10
2,30,RO,0,39,27,33
2,31,RO,1,180,124,192
2,32,RO,993,462,358,372
2,33,RO,0,4,3,74
2,34,RO,0,223,211,47
2,35,RO,0,0,0,10
3,17,RO,0,0,0,7
3,18,RO,0,0,0,19
3,19,RO,90,137,129,272
3,20,RO,0,7,6,0
3,21,RO,0,3,3,0
3,22,RO,69,186,173,207
3,23,RO,271,216,198,227
3,24,RO,0,0,0,11
3,25,RO,0,0,0,8
3,28,RO,0,3,2,2
3,29,RO,0,31,21,11
3,30,RO,0,22,15,25
3,31,RO,183,416,288,338
3,32,RO,1582,394,339,416
3,33,RO,744,138,130,172
3,34,RO,0,56,53,43
3,36,RO,0,3,3,2
4,11,RO,0,24,19,23
4,18,RO,0,0,0,8
4,19,RO,16,93,83,26
4,20,RO,499,1028,931,447
4,21,RO,56,174,158,68
4,22,RO,1185,484,446,829
4,23,RO,279,88,81,96
4,25,RO,0,0,0,1
4,26,RO,0,13,10,12
4,27,RO,0,33,25,25
4,28,RO,0,12,9,6
4,29,RO,0,55,43,44
4,30,RO,0,4,3,8
4,31,RO,94,95,74,47
4,32,RO,0,42,40,30
4,33,RO,41,116,109,133
4,34,RO,0,119,112,107
4,35,RO,0,30,28,42
4,36,RO,0,32,30,46
4,37,RO,0,1,1,3
5,11,RO,0,177,141,66
5,12,RO,51,486,388,295
5,13,RO,45,271,216,158
5,14,RO,0,7,6,27
5,15,RO,0,0,0,3
5,18,RO,0,0,8,16
5,19,RO,0,2,2,138
5,20,RO,388,639,600,399
5,21,RO,1310,583,537,626
5,22,RO,861,190,174,268
5,23,RO,22,33,29,20
5,24,RO,0,0,0,1
5,25,RO,0,2,2,0
5,26,RO,0,11,8,8
5,27,RO,0,218,173,195
5,28,RO,683,747,594,670
5,29,RO,77,48,38,38
5,30,RO,0,9,7,2
5,31,RO,0,60,57,83
5,32,RO,0,15,14,4
5,33,RO,0,24,23,25
5,34,RO,145,100,0,79
5,35,RO,0,49,46,51
5,36,RO,0,23,22,16
5,37,RO,0,11,10,3
6,12,RO,0,7,6,0
6,13,RO,0,96,77,40
6,14,RO,434,548,437,484
6,15,RO,1010,619,494,846
6,16,RO,60,188,150,268
6,17,RO,0,1,1,0
6,18,RO,18,0,14,123
6,19,RO,290,0,0,93
6,20,RO,76,100,92,40
6,21,RO,249,128,135,207
6,22,RO,0,23,20,2
6,26,RO,0,5,3,2
6,27,RO,115,335,266,320
6,28,RO,928,216,176,212
6,29,RO,0,23,19,19
6,32,RO,0,4,4,10
6,33,RO,0,32,30,23
6,34,RO,0,42,39,30
6,35,RO,0,54,51,31
6,36,RO,0,7,7,3
7,12,RO,0,0,0,1
7,13,RO,0,0,0,6
7,14,RO,0,139,111,56
7,15,RO,225,378,491,302
7,16,RO,1806,617,499,984
7,17,RO,408,342,487,302
7,18,RO,153,472,404,259
7,19,RO,0,0,0,1
7,21,RO,0,25,23,13
7,22,RO,0,28,26,10
7,23,RO,0,38,35,1
7,24,RO,0,23,19,23
7,25,RO,0,8,5,7
7,27,RO,192,232,419,212
7,28,RO,767,1512,1371,787
7,29,RO,378,935,780,592
7,30,RO,17,55,46,68
7,34,RO,0,4,3,4
7,35,RO,0,41,39,33
7,36,RO,0,0,0,1
7,37,RO,133,0,0,0
8,13,RO,0,14,11,14
8,14,RO,0,240,192,92
8,15,RO,0,31,25,45
8,16,RO,0,1,1,0
8,17,RO,0,461,390,428
8,18,RO,730,359,322,293
8,19,RO,0,0,0,7
8,21,RO,0,0,0,4
8,24,RO,0,9,6,2
8,25,RO,26,124,0,111
8,26,RO,31,93,74,117
8,27,RO,171,223,200,200
8,28,RO,318,143,142,248
8,29,RO,2218,1011,899,1201
8,30,RO,485,258,224,417
8,37,RO,37,0,0,0
8,38,RO,40,0,0,0
9,10,RO,0,1,1,0
9,11,RO,0,6,5,8
9,12,RO,0,13,11,9
9,13,RO,0,0,0,1
9,14,RO,0,0,0,8
9,17,RO,386,535,467,433
9,18,RO,1691,649,549,516
9,19,RO,0,0,0,15
9,20,RO,0,0,0,2
9,23,RO,0,1,1,0
9,24,RO,0,6,4,3
9,25,RO,0,43,33,29
9,26,RO,46,40,31,28
9,27,RO,73,33,25,35
9,28,RO,0,18,14,15
9,29,RO,0,130,108,176
9,30,RO,305,554,462,611
9,31,RO,209,248,207,359
10,12,RO,0,16,14,13
10,13,RO,0,41,35,29
10,14,RO,0,25,22,18
10,15,RO,0,20,17,18
10,16,RO,0,80,70,59
10,17,RO,135,123,119,136
10,18,RO,37,0,0,3
10,19,RO,0,0,0,11
10,22,RO,0,5,4,4
10,23,RO,0,38,35,25
10,24,RO,0,50,45,42
10,30,RO,0,3,2,12
10,31,RO,378,217,181,183
10,32,RO,196,396,330,528
10,33,RO,0,13,10,51
11,4,RO,0,2,2,0
11,14,RO,29,126,111,154
11,15,RO,1533,1630,1466,1526
11,16,RO,940,681,613,743
11,17,RO,86,0,0,0
11,18,RO,0,0,0,6
11,19,RO,0,55,46,39
11,22,RO,0,18,15,16
11,23,RO,0,28,25,41
11,24,RO,0,19,18,38
11,25,RO,0,15,14,12
11,30,RO,0,39,33,16
11,31,RO,0,26,22,39
11,32,RO,74,0,0,0
11,33,RO,44,52,37,132
11,34,RO,0,25,0,43
11,35,RO,0,0,0,5
12,9,RO,0,0,0,1
12,13,RO,0,0,0,7
12,14,RO,0,15,13,19
12,15,RO,503,491,434,495
12,16,RO,0,13,11,7
12,18,RO,0,56,0,40
12,19,RO,67,488,435,292
12,20,RO,0,84,4,49
12,21,RO,4,2,2,0
12,22,RO,0,89,106,83
12,23,RO,66,186,173,202
12,24,RO,0,46,43,46
12,25,RO,0,4,4,13
12,26,RO,0,7,7,6
12,27,RO,0,8,7,11
12,28,RO,0,1,1,6
12,29,RO,0,0,0,1
12,31,RO,0,1,1,10
12,34,RO,356,234,167,556
12,35,RO,0,28,20,244
12,36,RO,163,0,0,46
13,4,RO,0,0,0,1
13,13,RO,0,2,2,0
13,14,RO,0,57,52,65
13,15,RO,48,66,14,51
13,16,RO,0,4,3,17
13,17,RO,0,3,3,0
13,18,RO,0,10,7,5
13,19,RO,176,68,0,75
13,21,RO,0,35,33,20
13,22,RO,28,115,0,95
13,23,RO,129,280,261,280
13,24,RO,0,69,0,44
13,25,RO,0,21,20,16
13,26,RO,0,5,5,7
13,27,RO,0,26,24,27
13,28,RO,0,6,6,4
13,29,RO,0,0,0,1
13,33,RO,0,311,225,0
13,34,RO,0,287,767,104
13,35,RO,0,86,61,419
13,36,RO,0,0,0,48
14,13,RO,0,2,2,2
14,14,RO,0,85,81,79
14,15,RO,78,283,311,315
14,16,RO,0,25,24,30
14,17,RO,0,2,2,2
14,20,RO,0,9,7,6
14,21,RO,0,5,5,4
14,22,RO,0,6,5,21
14,23,RO,334,454,468,465
14,24,RO,0,28,0,42
14,25,RO,0,1,1,5
14,26,RO,0,5,5,3
14,27,RO,0,0,0,6
14,32,RO,0,134,106,0
14,33,RO,0,308,222,2
14,34,RO,0,448,0,257
14,35,RO,66,57,41,176
14,36,RO,0,0,0,2
14,37,RO,0,8,6,1
15,3,RO,0,0,0,2
15,12,RO,0,29,28,27
15,14,RO,0,127,121,113
15,15,RO,1058,1200,1165,1177
15,16,RO,305,265,267,273
15,17,RO,0,23,22,19
15,18,RO,0,16,13,13
15,19,RO,0,4,3,8
15,20,RO,0,55,51,32
15,21,RO,0,71,66,71
15,22,RO,186,606,565,681
15,23,RO,2601,1182,1120,1238
15,24,RO,0,39,36,50
15,25,RO,0,12,11,30
15,26,RO,0,10,9,5
15,28,RO,0,6,5,6
15,33,RO,0,139,114,0
15,34,RO,0,601,1101,291
15,35,RO,659,411,293,1042
15,36,RO,279,176,137,511
15,37,RO,0,86,61,70
15,38,RO,37,0,0,13
15,39,RO,14,0,0,0
16,2,RO,0,0,0,24
16,11,RO,0,15,14,10
16,12,RO,0,50,48,40
16,13,RO,0,103,0,103
16,14,RO,229,202,192,210
16,15,RO,1465,806,767,798
16,16,RO,1334,312,297,335
16,17,RO,0,27,26,39
16,18,RO,0,4,3,3
16,19,RO,0,10,9,4
16,20,RO,0,63,59,65
16,21,RO,0,33,31,28
16,22,RO,457,407,427,375
16,23,RO,1526,694,648,807
16,24,RO,0,48,45,76
16,25,RO,0,32,30,40
16,26,RO,0,35,35,1
16,27,RO,0,12,13,14
16,28,RO,0,4,4,0
16,32,RO,0,3,3,0
16,33,RO,0,5,5,4
16,34,RO,0,485,394,360
16,35,RO,2149,402,287,335
16,36,RO,960,434,309,185
16,37,RO,182,293,209,87
17,2,RO,0,0,0,7
17,12,RO,0,1,1,0
17,13,RO,0,30,29,28
17,14,RO,0,76,72,76
17,15,RO,427,563,536,557
17,16,RO,201,55,52,42
17,17,RO,0,23,22,7
17,18,RO,0,36,34,22
17,19,RO,0,1,1,1
17,20,RO,0,19,17,19
17,22,RO,78,62,65,87
17,23,RO,111,38,39,78
17,24,RO,0,36,35,64
17,25,RO,0,11,11,6
17,26,RO,0,14,15,5
17,27,RO,0,68,71,72
17,28,RO,0,22,23,21
17,29,RO,0,4,4,18
17,32,RO,0,2,2,0
17,33,RO,0,11,10,8
17,34,RO,402,1098,1148,929
17,35,RO,808,316,299,327
17,36,RO,0,144,133,85
17,37,RO,0,8,7,7
17,38,RO,0,2,2,1
18,0,RO,0,83,68,2
18,2,RO,0,0,0,3
18,13,RO,0,10,10,28
18,14,RO,0,122,116,68
18,15,RO,2,65,82,98
18,16,RO,0,19,18,19
18,17,RO,0,29,27,17
18,18,RO,0,5,5,9
18,19,RO,0,65,66,67
18,20,RO,0,13,13,17
18,21,RO,0,249,21,170
18,22,RO,745,1315,1392,804
18,23,RO,602,182,190,273
18,24,RO,0,65,68,78
18,25,RO,0,122,127,92
18,26,RO,0,38,40,72
18,27,RO,0,9,9,0
18,28,RO,0,2,2,0
18,29,RO,0,6,6,17
18,32,RO,0,11,10,0
18,33,RO,0,204,193,162
18,34,RO,2632,1370,1313,1337
18,35,RO,1137,137,130,131
18,36,RO,0,68,64,80
18,37,RO,0,182,172,147
18,38,RO,0,66,63,70
19,1,RO,0,0,0,3
19,2,RO,0,0,0,8
19,13,RO,0,11,10,25
19,14,RO,0,34,31,25
19,15,RO,0,98,11,109
19,16,RO,0,41,39,37
19,17,RO,0,2,2,3
19,18,RO,0,2,2,0
19,19,RO,0,3,3,0
19,20,RO,0,1,1,0
19,21,RO,0,141,147,105
19,22,RO,1572,709,840,761
19,23,RO,58,203,229,312
19,24,RO,0,22,23,73
19,25,RO,0,9,9,0
19,28,RO,0,14,15,0
19,29,RO,0,11,11,0
19,30,RO,0,12,12,0
19,32,RO,0,11,10,0
19,33,RO,0,8,8,0
19,34,RO,1234,1181,1144,1128
19,35,RO,2040,1136,1065,1178
19,36,RO,0,19,18,1
20,0,RO,0,0,0,7
20,1,RO,0,0,0,1
20,14,RO,0,5,4,0
20,15,RO,0,89,2,94
20,16,RO,0,0,0,3
20,17,RO,0,1,1,1
20,20,RO,0,50,52,41
20,21,RO,92,561,585,747
20,22,RO,4311,2448,2553,2665
20,23,RO,1102,482,502,418
20,24,RO,0,27,28,10
20,26,RO,0,42,44,39
20,27,RO,0,4,4,4
20,28,RO,0,2,2,0
20,30,RO,0,2,2,0
20,31,RO,0,122,116,64
20,32,RO,0,134,127,95
20,33,RO,0,44,42,41
20,34,RO,479,408,386,431
20,35,RO,1339,676,640,662
20,36,RO,85,116,110,134
21,0,RO,0,0,0,6
21,1,RO,0,0,0,2
21,2,RO,0,15,14,25
21,3,RO,0,1,1,3
21,7,RO,0,4,4,7
21,8,RO,0,9,8,6
21,9,RO,0,3,3,3
21,13,RO,0,39,31,43
21,14,RO,0,127,179,115
21,15,RO,224,264,229,232
21,17,RO,0,0,0,10
21,20,RO,0,333,347,259
21,21,RO,1078,996,1066,1324
21,22,RO,4333,1889,1994,2140
21,23,RO,946,983,1045,958
21,24,RO,0,51,53,105
21,25,RO,0,19,20,0
21,26,RO,0,28,29,10
21,27,RO,0,5,5,0
21,30,RO,0,21,20,13
21,31,RO,0,26,25,30
21,32,RO,0,225,213,240
21,33,RO,0,242,229,197
21,34,RO,0,28,27,7
21,35,RO,0,72,68,57
21,36,RO,69,394,19,324
21,37,RO,0,6,6,6
22,2,RO,0,45,42,44
22,3,RO,0,2,2,3
22,6,RO,0,58,1,59
22,7,RO,0,196,221,208
22,8,RO,0,107,230,119
22,9,RO,0,0,8,0
22,11,RO,0,0,0,4
22,12,RO,0,0,0,3
22,13,RO,323,343,341,234
22,14,RO,1237,917,816,850
22,15,RO,178,76,61,61
22,17,RO,0,0,0,12
22,18,RO,0,16,17,15
22,19,RO,21,371,441,194
22,20,RO,173,47,70,98
22,21,RO,844,268,279,352
22,22,RO,306,6,6,26
22,23,RO,46,55,7,122
22,24,RO,0,231,241,342
22,25,RO,0,212,221,98
22,26,RO,0,61,64,48
22,27,RO,0,15,16,41
22,31,RO,0,17,16,24
22,32,RO,0,35,33,31
22,33,RO,0,4,4,8
22,34,RO,0,11,10,6
22,35,RO,0,32,30,29
22,36,RO,0,43,41,59
22,37,RO,0,340,322,318
22,38,RO,0,386,366,396
22,39,RO,0,35,33,32
23,2,RO,0,116,125,99
23,3,RO,892,113,16,114
23,5,RO,0,3,3,1
23,6,RO,0,96,14,101
23,7,RO,0,20,19,30
23,12,RO,0,47,0,44
23,13,RO,272,438,391,387
23,14,RO,1042,456,372,379
23,17,RO,0,0,0,1
23,18,RO,0,31,38,82
23,19,RO,45,397,612,250
23,20,RO,0,19,20,27
23,21,RO,0,3,3,23
23,22,RO,0,1,1,0
23,23,RO,0,29,30,44
23,24,RO,0,491,512,247
23,25,RO,0,7,7,4
23,26,RO,0,20,21,0
23,27,RO,0,2,2,0
23,35,RO,0,139,132,100
23,36,RO,0,26,25,14
23,38,RO,0,52,49,62
23,39,RO,0,122,116,85
24,3,RO,820,202,213,213
24,4,RO,0,205,243,232
24,5,RO,0,195,309,201
24,6,RO,0,104,0,62
24,7,RO,0,14,13,20
24,13,RO,0,46,37,40
24,14,RO,214,261,239,251
24,17,RO,0,3,3,5
24,18,RO,33,295,289,325
24,19,RO,0,47,47,24
24,20,RO,0,17,18,2
24,21,RO,0,2,2,0
24,22,RO,0,5,5,0
24,23,RO,0,57,59,106
24,24,RO,0,264,275,257
24,25,RO,0,295,308,195
24,26,RO,0,4,4,0
24,35,RO,0,9,9,11
24,36,RO,0,24,23,17
25,2,RO,0,7,7,5
25,3,RO,0,6,6,0
25,4,RO,0,121,4,140
25,5,RO,0,17,16,13
25,13,RO,0,66,0,53
25,14,RO,50,27,29,59
25,17,RO,6,260,210,163
25,18,RO,7,35,28,69
25,20,RO,0,2,2,0
25,21,RO,0,3,3,0
25,22,RO,0,32,33,65
25,23,RO,0,365,380,234
25,24,RO,0,23,24,9
25,25,RO,0,32,33,108
25,26,RO,0,7,7,80
25,27,RO,0,9,9,3
26,3,RO,0,10,9,5
26,14,RO,0,51,0,46
26,16,RO,0,3,2,0
26,17,RO,174,639,556,414
26,18,RO,0,34,27,51
26,19,RO,72,21,17,76
26,22,RO,0,1,1,0
26,23,RO,0,40,42,85
26,24,RO,0,57,59,57
26,25,RO,0,3,3,0
26,27,RO,0,14,15,36
27,0,RO,0,3,2,2
27,1,RO,0,1,1,0
27,3,RO,0,2,2,0
27,14,RO,0,4,9,8
27,15,RO,0,30,32,31
27,16,RO,0,19,15,0
27,17,RO,163,295,292,356
27,18,RO,0,54,44,69
27,24,RO,0,12,13,1
27,27,RO,0,4,4,40
28,0,RO,0,2,2,2
28,14,RO,0,2,2,0
28,15,RO,22,239,332,252
28,16,RO,0,233,232,268
28,17,RO,849,878,742,553
28,18,RO,0,290,234,155
28,19,RO,0,0,0,50
28,27,RO,0,1,1,0
29,15,RO,105,1,1,103
29,16,RO,658,43,35,341
29,17,RO,106,107,86,161
29,18,RO,664,756,618,640
29,19,RO,14,29,23,131
29,20,RO,0,0,0,68
30,15,RO,0,8,6,38
30,16,RO,973,276,267,355
30,17,RO,0,392,316,277
30,18,RO,2093,781,629,753
30,19,RO,0,9,7,31
30,20,RO,0,0,0,34
31,15,RO,0,1,1,10
31,16,RO,0,23,19,20
31,17,RO,0,256,206,146
31,18,RO,618,435,391,569
31,19,RO,0,44,35,47
31,20,RO,0,0,0,9
31,21,RO,0,0,0,7
32,17,RO,0,184,148,34
32,18,RO,685,616,511,710
32,19,RO,0,178,143,37
32,20,RO,0,0,0,25
33,15,RO,0,0,0,7
33,16,RO,47,30,24,182
33,17,RO,169,274,221,369
33,18,RO,1513,1225,1002,823
33,19,RO,234,308,248,161
33,20,RO,0,0,0,1
34,17,RO,0,1,1,0
34,18,RO,131,302,268,249
34,19,RO,0,64,52,245
34,20,RO,0,26,21,0
35,17,RO,0,121,0,67
35,18,RO,329,280,247,491
35,19,RO,485,1004,953,1023
35,20,RO,0,300,9,111
35,21,RO,0,0,0,13
36,16,RO,0,0,0,5
36,17,RO,0,3,2,2
36,18,RO,0,78,76,83
36,19,RO,674,1072,1087,1010
36,20,RO,568,807,810,765
36,21,RO,0,47,46,67
37,16,RO,0,0,0,31
37,17,RO,0,11,10,125
37,18,RO,0,69,67,121
37,19,RO,0,782,767,668
37,20,RO,1338,539,534,379
37,21,RO,0,28,27,60
38,15,RO,0,0,0,1
38,16,RO,0,10,10,53
38,17,RO,0,131,127,101
38,18,RO,0,111,108,82
38,19,RO,398,2472,2406,2481
38,20,RO,1684,615,599,725
38,21,RO,0,25,23,43
38,22,RO,0,0,0,1
39,16,RO,0,40,39,35
39,17,RO,0,436,424,370
39,18,RO,1,507,493,570
39,19,RO,3057,1788,1742,2274
39,20,RO,2138,1104,1075,1072
39,21,RO,0,274,276,313
39,22,RO,0,81,78,51
39,23,RO,0,0,0,35
39,25,RO,0,1,1,0
40,17,RO,0,268,261,154
40,18,RO,272,60,58,52
40,19,RO,909,618,606,690
40,20,RO,0,26,25,4
40,21,RO,212,335,336,425
40,22,RO,848,1159,1141,1099
40,23,RO,0,106,103,199
40,24,RO,0,139,135,91
41,16,RO,0,141,137,160
41,17,RO,0,51,50,62
41,18,RO,0,0,0,14
41,19,RO,322,534,631,536
41,20,RO,0,12,12,87
41,21,RO,0,139,135,188
41,22,RO,670,96,93,120
41,23,RO,1336,452,443,395
41,24,RO,0,110,107,83
41,25,RO,0,5,5,0
42,16,RO,37,123,120,199
42,17,RO,1230,730,711,833
42,18,RO,1352,532,523,665
42,19,RO,832,965,986,684
42,20,RO,0,100,97,34
42,21,RO,0,34,33,35
42,22,RO,0,165,161,57
42,23,RO,597,676,658,627
42,24,RO,1352,2086,2057,1767
42,25,RO,0,77,75,78
43,16,RO,0,14,14,20
43,17,RO,0,54,53,182
43,18,RO,0,110,107,69
43,19,RO,1355,1202,1177,931
43,20,RO,0,173,168,113
43,21,RO,0,0,0,69
43,22,RO,0,0,0,5
43,23,RO,0,24,23,24
43,24,RO,778,4,4,16
44,17,RO,0,252,245,207
44,18,RO,82,562,575,537
44,19,RO,1505,57,60,278
44,20,RO,0,78,76,123
44,21,RO,0,0,0,4
44,24,RO,0,10,10,0
45,17,RO,800,140,140,307
45,18,RO,1575,790,794,685
45,19,RO,10,32,31,57
46,17,RO,0,206,200,196
46,18,RO,174,9,9,20
46,19,RO,0,0,0,51
46,20,RO,0,0,0,7
47,16,RO,0,0,0,21
47,17,RO,0,115,112,96
47,18,RO,0,195,190,173
47,19,RO,0,0,0,34
48,15,RO,0,7,7,0
48,16,RO,0,121,118,156
48,17,RO,435,682,684,653
48,18,RO,0,0,0,83
48,19,RO,0,0,0,20
49,17,RO,610,193,188,223
49,18,RO,0,10,10,40
49,36,RO-UA,90,0,0,0
50,18,RO,0,0,0,13
50,35,RO-UA,193,0,0,0
50,36,RO-UA,70,0,0,0
51,18,RO,0,0,0,9
51,32,RO-UA,7,0,0,0
54,1,RO,0,0,0,24
54,2,RO,0,52,48,114
54,3,RO,0,138,128,70
59,0,RO,43,124,154,118
59,17,RO,0,0,0,6
60,0,RO,1028,681,567,689
60,1,RO,30,0,0,0
61,0,RO,0,1,1,0
62,2,RO,0,76,265,65
62,3,RO,6,0,0,0
63,2,RO,0,34,34,28
63,3,RO,20,97,83,114
64,3,RO,3,112,93,116
64,4,RO,2,0,14,0
66,5,RO,7,0,0,0
66,6,RO,15,0,0,0
67,6,RO,2,0,0,0
68,5,RO,3,0,0,0
68,6,RO,11,0,0,0
68,15,RO,0,2,2,1
68,27,RO,0,0,0,1
69,21,RO,0,0,0,7
69,22,RO,0,0,0,4
70,16,RO,0,1,1,0
70,17,RO,0,8,7,11
70,18,RO,0,72,61,45
70,19,RO,0,64,54,65
70,21,RO,0,11,8,3
70,30,RO,0,2,2,0
70,33,RO,0,3,3,1
70,34,RO,0,6,6,0
70,35,RO-UA,0,7,7,12
70,36,RO-UA,0,10,10,5
71,17,RO,0,19,16,16
71,19,RO,0,16,13,18
71,21,RO,0,7,6,23
71,25,RO,0,2,2,0
71,26,RO,0,12,9,8
71,33,RO,0,90,94,113
71,34,RO,0,87,91,44
71,35,RO,0,6,6,8
71,36,RO-UA,0,2,2,5
72,17,RO,86,245,303,200
72,18,RO,0,3,3,1
72,19,RO,0,1,1,1
72,20,RO,0,8,6,0
72,22,RO,0,52,43,57
72,23,RO,0,35,28,28
72,24,RO,0,6,5,4
72,25,RO,0,24,20,18
72,32,RO,0,57,58,37
72,33,RO,0,8,8,17
72,35,RO,461,50,52,70
72,37,RO,0,9,9,1
72,38,RO,0,1,1,6
72,39,RO-UA,0,20,21,13
72,40,RO-UA,0,1,1,0
72,41,RO-UA,0,3,3,5
73,16,RO,0,1,1,0
73,17,RO,0,45,56,43
73,23,RO,0,17,14,29
73,31,RO,0,1,1,0
73,32,RO,0,0,0,9
73,34,RO,0,3,3,0
73,35,RO,791,2,2,8
73,36,RO,597,26,27,50
73,37,RO,0,2,2,4
73,39,RO,0,64,13,79
73,40,RO-UA,0,119,27,158
73,41,RO-UA,0,15,16,9
73,43,RO-UA,0,5,5,0
73,45,RO-UA,0,2,2,0
74,17,RO,148,406,371,403
74,18,RO,782,280,236,264
74,19,RO,0,45,38,44
74,23,RO,0,4,2,5
74,31,RO,0,2,2,9
74,32,RO,0,6,7,6
74,33,RO,0,13,14,4
74,34,RO,0,12,13,3
74,35,RO,0,4,4,0
74,36,RO,524,31,32,23
74,37,RO,0,55,58,34
74,38,RO,0,74,12,81
74,39,RO,0,75,5,63
74,40,RO,0,2,2,1
74,41,RO-UA,0,36,38,37
74,43,RO-UA,0,12,13,12
74,44,RO-UA,0,11,11,9
74,45,RO-UA,0,28,29,14
75,17,RO,399,196,181,163
75,18,RO,480,0,0,0
75,19,RO,0,13,11,3
75,26,RO,0,5,5,0
75,31,RO,0,1,1,0
75,32,RO,0,7,8,12
75,33,RO,0,15,17,17
75,34,RO,0,6,6,21
75,35,RO,0,0,0,1
75,36,RO,0,35,37,45
75,37,RO,0,39,59,58
75,38,RO,0,28,29,25
75,39,RO,0,47,49,34
75,42,RO,0,7,7,8
75,43,RO,0,9,9,10
75,44,RO,0,44,45,53
75,45,RO-UA,0,55,56,46
75,48,RO-UA,0,13,13,8
75,49,RO-UA,0,332,324,54
75,50,RO-UA,0,14,14,48
75,51,RO-UA,0,1,1,6
75,52,RO-UA,0,218,213,36
75,53,RO-UA,0,22,21,28
75,54,RO-UA,0,11,11,8
76,17,RO,0,21,4,17
76,27,RO,0,4,5,0
76,32,RO,0,10,12,14
76,33,RO,0,10,12,17
76,35,RO,0,7,8,5
76,36,RO,0,5,5,3
76,37,RO,0,44,46,42
76,39,RO,0,1,1,0
76,41,RO,0,2,2,3
76,45,RO,0,0,0,1
76,46,RO,0,64,63,67
76,47,RO-UA,0,15,15,17
76,48,RO-UA,0,11,11,9
76,49,RO-UA,0,41,40,88
76,50,RO-UA,0,6,6,49
76,52,RO-UA,0,13,13,18
76,53,RO-UA,0,0,0,8
76,54,RO-UA,0,0,0,2
77,15,RO,0,1,1,4
77,16,RO,0,56,0,64
77,27,RO,0,7,8,3
77,33,RO,0,30,36,15
77,34,RO,0,17,20,14
77,35,RO,0,19,23,31
77,36,RO,0,31,31,19
77,37,RO,0,7,7,7
77,38,RO,0,9,9,3
77,40,RO,0,1,1,3
77,42,RO,0,11,11,4
77,43,RO,0,34,35,44
77,44,RO,0,17,17,47
77,45,RO,0,0,0,6
77,46,RO,0,43,42,33
77,47,RO,0,5,8,22
77,48,RO,0,3,3,56
77,49,RO,0,0,0,45
77,50,RO-UA,0,0,0,22
77,51,RO,0,0,0,18
77,52,RO,0,0,0,7
78,15,RO,0,23,4,19
78,16,RO,0,13,2,9
78,31,RO,0,24,29,16
78,32,RO,0,23,28,19
78,33,RO,0,83,99,66
78,34,RO,0,129,182,150
78,35,RO,0,93,111,30
78,38,RO,0,2,2,0
78,40,RO,0,24,25,13
78,41,RO,0,6,6,0
78,42,RO,0,11,11,3
78,43,RO,0,8,8,25
78,45,RO,0,52,51,2
78,46,RO,0,50,49,39
78,47,RO,0,31,4,41
78,48,RO,0,234,229,47
78,49,RO,0,0,0,16
78,51,RO,0,0,0,8
78,52,RO,0,0,0,7
78,54,RO-UA,0,30,29,28
78,55,RO-UA,0,13,13,33
79,14,RO,0,7,6,6
79,24,RO,0,6,5,0
79,26,RO,0,6,6,4
79,31,RO,0,97,116,140
79,32,RO,0,23,28,34
79,33,RO,0,86,18,81
79,34,RO,0,22,26,11
79,35,RO,0,7,8,8
79,36,RO,0,2,2,5
79,38,RO,0,3,3,0
79,39,RO,0,2,2,1
79,42,RO,0,20,21,24
79,43,RO,0,0,0,1
79,44,RO,0,10,10,8
79,46,RO,0,35,34,17
79,47,RO,0,20,20,36
79,48,RO,0,0,0,15
79,49,RO,0,0,0,59
79,50,RO,0,0,0,11
79,51,RO,0,0,0,16
79,52,RO,0,0,0,17
79,54,RO-UA,1455,53,305,47
79,55,RO-UA,765,101,99,73
79,56,RO-UA,0,2,2,0
80,14,RO,0,5,4,4
80,16,RO,0,1,1,2
80,25,RO,0,6,5,0
80,30,RO,0,1,1,2
80,31,RO,0,8,10,16
80,32,RO,1388,177,230,189
80,33,RO,0,92,39,64
80,39,RO,0,24,25,20
80,40,RO,0,14,15,13
80,41,RO,0,46,48,32
80,42,RO,0,138,144,135
80,43,RO,0,21,22,42
80,44,RO,0,3,3,6
80,45,RO,0,12,13,8
80,50,RO,0,0,0,16
80,51,RO,0,0,0,13
80,52,RO,0,1,1,35
80,54,RO-UA,0,82,13,103
80,55,RO-UA,0,40,39,25
81,13,RO,0,41,0,39
81,25,RO,0,4,2,2
81,28,RO,0,14,10,9
81,29,RO,0,18,21,25
81,30,RO,0,13,16,15
81,31,RO,0,89,107,71
81,32,RO,0,36,43,21
81,33,RO,0,23,28,26
81,35,RO,0,20,24,21
81,38,RO,0,5,5,0
81,39,RO,0,7,7,5
81,40,RO,0,37,41,32
81,41,RO,0,21,22,30
81,42,RO,0,51,53,37
81,43,RO,0,28,29,18
81,44,RO,0,35,37,23
81,45,RO,0,8,8,8
81,46,RO,0,81,85,56
81,47,RO,0,8,8,0
81,50,RO,0,0,0,16
81,52,RO,0,0,0,17
81,53,RO,0,11,1,27
81,54,RO,0,28,27,84
81,55,RO-UA,0,12,12,15
82,1,RO,0,1,1,0
82,12,RO,0,27,19,32
82,13,RO,0,90,65,67
82,14,RO,0,8,7,11
82,27,RO,0,6,4,4
82,28,RO,0,83,65,48
82,29,RO,0,43,51,45
82,30,RO,0,87,25,97
82,31,RO,0,15,18,20
82,32,RO,0,22,26,20
82,38,RO,0,8,8,7
82,39,RO,0,26,27,9
82,40,RO,0,7,7,7
82,42,RO,0,0,0,17
82,46,RO,0,9,9,8
82,47,RO,0,11,10,8
82,52,RO,0,43,41,67
82,53,RO,0,199,17,149
82,54,RO,0,22,21,18
83,0,RO,0,15,14,20
83,6,RO,0,2,2,2
83,12,RO,7,57,515,59
83,13,RO,65,46,33,47
83,18,RO,0,5,4,2
83,28,RO,0,12,9,10
83,29,RO,427,70,98,59
83,30,RO,237,69,75,41
83,31,RO,0,68,81,55
83,33,RO,0,7,8,3
83,37,RO,0,15,14,9
83,38,RO,0,0,0,2
83,39,RO,0,19,17,12
83,42,RO,0,0,0,17
83,43,RO,0,0,0,2
83,46,RO,0,1,1,5
83,47,RO,0,22,20,17
83,48,RO,0,9,8,11
83,49,RO,0,3,3,0
83,50,RO,0,2,2,1
83,51,RO,0,0,0,3
83,53,RO,0,105,100,57
84,11,RO,0,2,1,0
84,12,RO,36,105,0,88
84,13,RO,0,8,4,9
84,19,RO,0,6,5,0
84,20,RO,0,2,2,0
84,26,RO,0,0,0,5
84,27,RO,0,14,10,0
84,28,RO,0,10,7,2
84,29,RO,0,31,31,45
84,30,RO,41,14,11,13
84,34,RO,0,4,5,4
84,41,RO,0,0,0,14
84,42,RO,0,6,5,0
84,43,RO,0,59,54,50
84,44,RO,0,7,6,9
84,45,RO,0,6,6,1
84,47,RO,0,39,36,12
84,48,RO,0,0,0,6
84,49,RO,0,2,2,0
84,50,RO,0,7,6,7
84,53,RO,0,27,25,32
84,54,RO,0,12,11,8
85,11,RO,0,33,18,40
85,12,RO,48,23,13,31
85,18,RO,5,2,2,0
85,19,RO,0,4,3,8
85,20,RO,0,21,18,11
85,23,RO,0,5,4,0
85,26,RO,0,1,1,0
85,27,RO,0,3,2,0
85,28,RO,0,10,8,6
85,29,RO,211,81,96,70
85,32,RO,0,0,0,1
85,43,RO,0,27,25,0
85,44,RO,0,3,3,3
85,45,RO,0,7,6,16
85,47,RO,0,4,4,2
85,48,RO,0,24,22,16
85,49,RO,0,3,3,1
85,50,RO,0,38,35,27
85,53,RO,0,29,27,16
85,54,RO,0,12,11,12
85,57,RO-UA,0,0,0,10
85,58,RO-UA,0,0,0,3
86,9,RO,0,13,7,11
86,10,RO,35,88,88,102
86,11,RO,265,163,104,164
86,18,RO,0,21,18,20
86,19,RO,0,3,3,1
86,20,RO,0,33,28,29
86,22,RO,0,0,0,1
86,23,RO,0,5,4,3
86,24,RO,0,7,4,8
86,26,RO,0,77,0,48
86,27,RO,0,39,7,39
86,28,RO,0,41,32,57
86,29,RO,180,73,55,49
86,30,RO,0,24,18,22
86,43,RO,0,0,0,3
86,44,RO,0,24,22,8
86,45,RO,0,7,6,7
86,46,RO,0,2,2,1
86,48,RO,0,0,0,2
86,50,RO,0,11,10,2
86,53,RO,0,22,19,22
86,54,RO,0,26,24,23
86,55,RO,0,19,18,17
86,57,RO,0,0,0,3
87,9,RO,99,57,31,60
87,10,RO,426,224,123,199
87,17,RO,0,5,4,13
87,18,RO,0,28,23,27
87,19,RO,0,6,4,5
87,20,RO,0,4,2,2
87,21,RO,0,13,11,7
87,23,RO,0,1,1,4
87,24,RO,0,10,8,8
87,25,RO,230,139,113,127
87,26,RO,137,65,56,60
87,27,RO,18,0,0,4
87,28,RO,77,16,12,13
87,29,RO,0,21,16,18
87,30,RO,0,14,10,12
87,43,RO,0,4,4,1
87,44,RO,0,4,4,3
87,47,RO,0,0,0,2
87,48,RO,0,5,5,4
87,52,RO,0,8,6,8
87,54,RO,0,55,51,45
87,55,RO,0,169,156,180
87,56,RO,0,36,33,39
87,57,RO,0,1,1,1
87,58,RO-UA,0,3,3,0
88,7,RO,9,0,0,0
88,8,RO,71,103,66,110
88,9,RO,140,129,71,150
88,10,RO,166,106,100,115
88,11,RO,0,6,3,5
88,16,RO,14,47,39,26
88,17,RO,0,7,6,6
88,18,RO,0,21,18,8
88,21,RO,0,34,28,27
88,23,RO,0,3,1,1
88,24,RO,0,158,176,147
88,25,RO,475,209,183,211
88,26,RO,0,20,15,30
88,27,RO,0,32,24,39
88,28,RO,0,44,33,36
88,30,RO,0,2,2,0
88,43,RO,0,0,0,3
88,47,RO,0,23,21,33
88,48,RO,0,19,18,10
88,49,RO,0,8,7,7
88,52,RO,0,17,16,19
88,53,RO,0,5,5,0
88,54,RO,0,39,36,28
88,55,RO,0,238,242,307
89,6,RO,0,2,2,0
89,7,RO,0,24,3,44
89,8,RO,149,27,16,31
89,16,RO,0,4,2,5
89,17,RO,7,1,1,0
89,18,RO,0,19,16,7
89,19,RO,0,10,8,30
89,20,RO,0,2,2,2
89,21,RO,25,43,36,38
89,22,RO,34,20,17,23
89,23,RO,4,22,17,28
89,24,RO,266,36,0,34
89,25,RO,22,20,14,10
89,26,RO,0,27,19,13
89,27,RO,0,16,12,15
89,28,RO,0,21,16,14
89,29,RO,0,91,69,70
89,30,RO,0,12,9,19
89,48,RO,0,32,30,28
89,49,RO,0,36,33,30
89,50,RO,0,115,1,106
89,51,RO,0,43,39,28
89,52,RO,0,15,14,8
89,55,RO,0,58,61,70
89,56,RO,0,466,592,559
89,57,RO,0,160,148,157
90,2,RO,0,25,22,21
90,3,RO,0,59,51,80
90,4,RO,0,20,17,26
90,5,RO,123,237,211,217
90,6,RO,0,46,40,39
90,7,RO,9,0,0,0
90,10,RO,0,0,0,2
90,14,RO,0,5,4,3
90,15,RO,0,6,5,4
90,16,RO,0,10,8,8
90,18,RO,0,1,1,25
90,19,RO,29,104,100,109
90,20,RO,144,206,181,230
90,21,RO,8,86,72,88
90,22,RO,33,75,96,71
90,23,RO,29,0,0,1
90,24,RO,0,36,27,27
90,25,RO,0,21,15,24
90,26,RO,0,7,5,3
90,27,RO,0,6,5,3
90,28,RO,0,0,0,3
90,29,RO,0,16,12,8
90,31,RO,67,0,0,0
90,45,RO,0,2,2,14
90,46,RO,0,60,55,47
90,47,RO,0,14,13,8
90,52,RO,0,28,26,27
90,53,RO,0,31,29,38
90,54,RO,0,39,36,21
90,55,RO,0,24,11,56
90,56,RO,0,5,5,17
90,57,RO,0,58,54,63
90,58,RO,0,83,76,85
90,60,RO-UA,0,0,0,1
91,0,RO,0,15,13,11
91,1,RO,0,1,1,5
91,2,RO,1,46,40,50
91,3,RO,318,603,535,481
91,4,RO,221,252,224,195
91,5,RO,846,113,101,88
91,6,RO,70,87,76,65
91,7,RO,2,23,20,25
91,10,RO,0,0,0,11
91,15,RO,0,33,28,27
91,16,RO,0,18,15,26
91,17,RO,0,91,0,101
91,18,RO,32,120,295,143
91,19,RO,23,3,8,6
91,20,RO,15,0,0,0
91,21,RO,108,52,64,64
91,22,RO,37,21,18,15
91,23,RO,0,0,0,3
91,25,RO,0,22,16,30
91,26,RO,0,18,14,14
91,27,RO,0,24,18,12
91,43,RO,0,5,4,0
91,44,RO,0,30,27,18
91,47,RO,0,0,0,1
91,58,RO,412,199,185,234
91,59,RO,105,236,219,194
91,60,RO-UA,0,100,0,100
92,0,RO,0,63,55,70
92,1,RO,0,13,10,7
92,4,RO,51,60,52,39
92,5,RO,7,0,0,0
92,7,RO,0,84,0,80
92,8,RO,34,120,105,140
92,9,RO,0,6,4,9
92,13,RO,0,2,2,2
92,17,RO,9,424,468,455
92,18,RO,13,25,20,29
92,20,RO,0,3,3,1
92,26,RO,0,4,3,8
92,42,RO,0,4,4,7
92,43,RO,0,11,10,2
92,44,RO,0,5,3,5
92,46,RO,0,9,8,10
92,47,RO,0,0,0,2
92,59,RO,1383,344,334,349
92,60,RO-UA,1562,308,287,291
93,0,RO,383,75,71,72
93,5,RO,2,0,0,0
93,7,RO,18,37,32,42
93,8,RO,47,8,7,6
93,9,RO,2,4,10,7
93,17,RO,267,238,221,228
93,18,RO,12,23,19,21
93,26,RO,0,0,0,5
93,27,RO,0,0,0,2
93,42,RO,0,76,7,71
93,43,RO,26,166,389,174
93,44,RO,0,151,134,134
93,60,RO-UA,273,243,235,253
94,6,RO,0,2,2,0
94,9,RO,2,1,1,1
94,10,RO,0,66,0,69
94,11,RO,20,91,94,91
94,12,RO,0,51,39,33
94,17,RO,429,158,134,166
94,18,RO,455,10,8,7
94,27,RO,0,0,0,1
94,41,RO,0,5,4,4
94,43,RO,261,174,171,185
94,44,RO,0,33,29,40
95,6,RO,0,0,0,2
95,11,RO,51,35,27,28
95,12,RO,177,59,48,55
95,13,RO,0,9,7,11
95,16,RO,0,5,4,6
95,17,RO,82,224,187,223
95,18,RO,782,343,289,376
95,19,RO,238,86,72,90
95,20,RO,41,6,5,6
95,41,RO,0,12,11,2
95,42,RO,0,6,5,3
95,43,RO,294,136,126,154
95,44,RO,7,20,18,10
95,45,RO,0,14,12,17
95,60,RO,97,374,361,460
95,61,RO-UA,183,40,39,81
96,13,RO,0,4,3,1
96,14,RO,12,0,0,0
96,18,RO,692,368,312,327
96,19,RO,69,0,0,0
96,23,RO,30,34,33,29
96,37,RO,0,1,1,0
96,41,RO,0,3,3,0
96,43,RO,309,109,103,109
96,44,RO,65,35,31,32
96,60,RO,149,178,172,206
96,61,RO-UA,876,674,651,652
96,62,RO-UA,9,213,206,192
96,63,RO-UA,13,48,46,52
97,15,RO,1,0,0,0
97,17,RO,64,209,176,248
97,18,RO,236,88,74,104
97,22,RO,0,49,47,43
97,23,RO,777,58,56,59
97,37,RO,0,8,7,8
97,43,RO,4,6,5,0
97,44,RO,37,0,0,0
97,56,RO,0,0,0,5
97,61,RO,757,518,510,530
97,62,RO-UA,734,681,658,666
97,63,RO-UA,150,79,76,80
98,15,RO,9,23,18,33
98,17,RO,91,145,154,161
98,18,RO,6,3,3,0
98,19,RO,0,1,1,2
98,22,RO,24,100,96,102
98,23,RO,177,22,21,34
98,36,RO,0,3,3,1
98,37,RO,251,107,101,78
98,38,RO,24,23,19,27
98,39,RO,0,13,12,5
98,41,RO,0,1,1,0
98,42,RO,0,88,91,91
98,43,RO,263,121,112,131
98,44,RO,7,0,0,0
98,61,RO,243,63,61,89
98,62,RO-UA,1001,711,687,638
98,63,RO-UA,196,314,303,289
99,15,RO,0,13,10,14
99,16,RO,50,185,218,166
99,17,RO,53,248,230,278
99,22,RO,15,158,168,185
99,23,RO,8,0,0,0
99,36,RO,0,1,1,4
99,37,RO,272,241,232,226
99,38,RO,27,24,21,21
99,39,RO,0,0,0,3
99,40,RO,0,2,2,1
99,41,RO,0,168,6,174
99,42,RO,166,67,71,90
99,43,RO,31,0,0,0
99,62,RO-UA,548,397,391,451
99,63,RO-UA,140,185,223,246
100,2,RO,0,0,0,1
100,16,RO,44,139,109,149
100,17,RO,694,496,409,512
100,18,RO,121,24,19,21
100,19,RO,0,0,0,2
100,21,RO,0,32,4,25
100,22,RO,102,292,291,301
100,23,RO,2,74,0,80
100,24,RO,0,9,9,6
100,29,RO,0,1,1,0
100,30,RO,5,33,29,27
100,31,RO,0,3,2,3
100,32,RO,0,32,29,27
100,37,RO,32,233,209,214
100,38,RO,0,20,18,12
100,40,RO,7,77,25,102
100,41,RO,49,51,1,49
100,42,RO,0,5,4,0
100,54,RO,5,47,12,37
100,57,RO,0,0,0,2
100,59,RO,0,58,53,52
100,60,RO,103,85,83,84
100,62,RO,199,153,148,178
100,63,RO-UA,259,144,146,138
100,64,RO-UA,0,26,26,32
101,15,RO,5,34,27,42
101,16,RO,130,164,129,168
101,17,RO,488,341,267,342
101,18,RO,595,292,252,263
101,21,RO,25,175,168,179
101,22,RO,147,54,52,60
101,23,RO,14,0,0,0
101,29,RO,0,13,12,11
101,30,RO,43,172,153,200
101,31,RO,111,79,0,126
101,32,RO,0,94,84,85
101,33,RO,0,0,0,3
101,36,RO,0,4,3,6
101,37,RO,39,301,268,291
101,38,RO,3,53,47,53
101,39,RO,8,89,0,90
101,40,RO,6,34,0,36
101,41,RO,0,1,1,0
101,54,RO,8,0,0,0
101,55,RO,0,0,0,10
101,56,RO,0,10,9,0
101,59,RO,70,6,6,19
101,60,RO,351,271,250,268
101,61,RO,0,44,41,33
101,62,RO,0,32,30,27
101,63,RO-UA,425,508,511,541
101,64,RO-UA,33,110,11,129
101,65,RO-UA,0,4,4,2
102,0,RO,9,1,1,3
102,1,RO,0,54,0,46
102,2,RO,12,0,0,0
102,3,RO,35,0,0,0
102,13,RO,0,0,0,1
102,14,RO,0,6,3,10
102,15,RO,170,86,70,68
102,16,RO,5,0,0,0
102,17,RO,34,108,85,111
102,18,RO,191,221,174,100
102,19,RO,96,230,229,256
102,20,RO,146,254,246,246
102,21,RO,333,205,228,243
102,22,RO,27,70,76,57
102,28,RO,0,1,1,0
102,29,RO,0,4,4,1
102,30,RO,3,95,84,87
102,31,RO,304,297,264,338
102,32,RO,36,35,1,41
102,35,RO,0,43,0,27
102,36,RO,672,516,463,525
102,37,RO,1864,809,750,768
102,38,RO,231,106,130,87
102,39,RO,17,130,116,141
102,40,RO,0,142,126,173
102,41,RO,0,7,6,5
102,55,RO,0,3,3,2
102,56,RO,26,97,89,105
102,57,RO,19,10,23,142
102,59,RO,0,5,5,21
102,60,RO,150,325,299,326
102,61,RO,352,265,244,275
102,62,RO,69,279,257,167
102,63,RO-UA,249,457,470,555
102,64,RO-UA,350,308,312,311
102,65,RO-UA,9,70,10,86
102,66,RO-UA,10,82,151,68
103,0,RO,158,137,165,143
103,1,RO,208,17,16,21
103,13,RO,81,27,21,23
103,14,RO,77,24,19,29
103,16,RO,0,15,11,13
103,17,RO,12,97,78,80
103,19,RO,2,315,303,297
103,20,RO,520,189,185,241
103,21,RO,68,0,0,0
103,28,RO,12,65,8,46
103,29,RO,22,101,146,100
103,30,RO,75,174,155,159
103,31,RO,236,91,80,85
103,32,RO,0,6,5,2
103,33,RO,0,42,36,0
103,35,RO,28,184,174,208
103,36,RO,114,46,41,43
103,37,RO,0,10,9,8
103,38,RO,0,16,14,10
103,39,RO,0,8,7,7
103,40,RO,29,38,34,38
103,41,RO,0,38,34,30
103,45,RO,0,2,2,2
103,46,RO,0,0,0,1
103,55,RO,2,37,34,38
103,56,RO,22,163,150,168
103,57,RO,1152,781,722,788
103,58,RO,252,473,436,501
103,59,RO,347,393,365,375
103,60,RO,152,34,32,40
103,61,RO,5,0,0,0
103,62,RO,4,41,38,33
103,63,RO,60,89,90,90
103,64,RO-UA,1110,1152,1186,1113
103,65,RO-UA,621,691,718,747
103,66,RO-UA,99,19,19,47
104,0,RO,60,0,0,0
104,1,RO,110,39,41,34
104,2,RO,0,17,16,7
104,6,RO,0,3,2,0
104,13,RO,5,28,22,13
104,19,RO,10,308,303,292
104,20,RO,105,427,422,383
104,21,RO,0,5,5,6
104,28,RO,0,9,8,5
104,29,RO,95,83,74,51
104,30,RO,312,143,253,139
104,31,RO,0,21,19,10
104,33,RO,0,75,71,48
104,34,RO,107,143,153,126
104,35,RO,32,0,0,0
104,36,RO,0,5,4,7
104,37,RO,0,10,9,6
104,38,RO,0,16,13,11
104,39,RO,0,31,28,32
104,43,RO,0,5,4,2
104,44,RO,0,42,36,30
104,45,RO,0,10,9,13
104,57,RO,319,39,36,49
104,58,RO,293,0,0,0
104,59,RO,2,0,0,0
104,62,RO,17,137,14,163
104,63,RO,8,42,7,49
104,64,RO,917,731,740,731
104,65,RO-UA,1029,545,590,785
104,66,RO-UA,18,600,646,679
105,2,RO,0,44,40,30
105,3,RO,0,58,53,54
105,4,RO,0,2,2,2
105,15,RO,0,0,0,8
105,19,RO,0,171,186,168
105,20,RO,898,638,717,614
105,28,RO,0,28,25,20
105,29,RO,0,38,34,23
105,30,RO,0,0,4,0
105,31,RO,15,40,55,31
105,32,RO,3,69,17,56
105,33,RO,848,513,470,411
105,34,RO,198,138,148,152
105,38,RO,0,1,1,0
105,39,RO,0,13,12,5
105,42,RO,0,2,2,11
105,45,RO,0,3,3,1
105,57,RO,0,38,35,61
105,61,RO,0,7,7,6
105,62,RO,0,102,103,155
105,63,RO,236,505,549,319
105,64,RO,335,482,572,580
105,65,RO-UA,624,472,490,631
105,66,RO-UA,0,11,11,13
106,3,RO,0,34,32,27
106,4,RO,170,57,57,40
106,5,RO,0,15,14,14
106,16,RO,4,12,12,10
106,17,RO,3,33,32,33
106,19,RO,193,1283,1268,1108
106,20,RO,2544,1325,1295,1295
106,21,RO,0,107,105,74
106,22,RO,0,6,6,5
106,31,RO,0,0,0,6
106,32,RO,102,232,207,215
106,33,RO,484,177,158,183
106,34,RO,24,33,4,20
106,35,RO,7,5,10,5
106,36,RO,17,0,0,0
106,38,RO,0,48,43,115
106,39,RO,0,68,61,34
106,40,RO,0,2,2,4
106,41,RO,0,1,1,3
106,42,RO,0,12,11,14
106,44,RO,0,8,7,2
106,56,RO,2,0,0,0
106,61,RO,0,0,0,2
106,62,RO,0,79,3,137
106,63,RO,984,392,400,443
106,64,RO,770,556,578,619
106,65,RO-UA,629,488,556,640
106,66,RO-UA,2,6,6,24
107,5,RO,0,11,9,7
107,13,RO,0,0,0,31
107,17,RO,163,75,73,73
107,18,RO,184,166,162,177
107,19,RO,1436,3609,3528,3175
107,20,RO,3324,1176,1150,1156
107,21,RO,28,56,55,55
107,26,RO,0,3,3,2
107,32,RO,1091,423,377,418
107,33,RO,337,0,0,0
107,39,RO,0,28,1,22
107,40,RO,57,131,124,82
107,41,RO,0,69,5,52
107,42,RO,0,14,12,22
107,43,RO,0,6,5,0
107,44,RO,0,11,10,13
107,61,RO,0,46,44,35
107,62,RO,26,296,301,373
107,63,RO,1095,511,537,608
107,64,RO,528,713,748,725
107,65,RO-UA,674,347,351,466
107,66,RO-UA,0,1,1,3
107,67,RO-UA,0,0,0,7
108,5,RO,0,1,1,0
108,18,RO,81,136,156,133
108,19,RO,2942,3447,3405,3043
108,20,RO,1691,299,292,282
108,21,RO,170,0,0,3
108,27,RO,51,53,48,71
108,30,RO,0,2,2,0
108,31,RO,47,80,71,71
108,32,RO,25,56,50,42
108,39,RO,0,1,1,1
108,40,RO,0,13,12,9
108,41,RO,0,2,2,4
108,59,RO,0,9,8,1
108,60,RO,1,2,2,0
108,61,RO,0,52,47,55
108,62,RO,185,163,184,248
108,63,RO,806,622,635,656
108,64,RO,862,639,672,740
108,65,RO-UA,1229,658,666,875
108,66,RO-UA,7,7,7,3
109,5,RO,0,14,14,7
109,6,RO,0,6,6,1
109,9,RO,0,1,1,0
109,10,RO,0,0,4,0
109,15,RO,0,0,0,1
109,16,RO,0,1,1,0
109,17,RO,0,5,2,3
109,18,RO,96,398,389,456
109,19,RO,1795,1273,1245,1256
109,20,RO,1004,6,6,7
109,27,RO,281,224,204,194
109,29,RO,0,84,76,56
109,30,RO,255,308,294,283
109,31,RO,0,15,17,22
109,52,RO,3,0,0,0
109,53,RO,3,0,0,0
109,59,RO,1,144,136,132
109,60,RO,51,412,374,433
109,61,RO,289,590,535,562
109,62,RO,313,393,362,420
109,63,RO,442,432,419,401
109,64,RO,529,489,481,476
109,65,RO-UA,65,336,336,368
109,66,RO-UA,0,0,4,12
110,5,RO,30,72,73,67
110,15,RO,0,1,1,0
110,16,RO,22,0,0,3
110,17,RO,70,69,67,75
110,18,RO,660,750,733,695
110,19,RO,1912,728,712,808
110,20,RO,53,0,0,0
110,26,RO,7,0,0,0
110,27,RO,319,138,126,127
110,28,RO,266,144,131,128
110,29,RO,0,10,8,17
110,30,RO,219,250,231,255
110,31,RO,24,12,0,24
110,32,RO,1,24,22,23
110,33,RO,3,171,0,149
110,34,RO,0,128,0,125
110,35,RO,0,1,1,1
110,45,RO,0,4,4,0
110,46,RO,3,6,6,6
110,52,RO,8,0,0,0
110,56,RO,36,1,1,0
110,57,RO,20,0,0,0
110,59,RO,80,43,45,59
110,60,RO,256,200,181,194
110,61,RO,933,659,598,650
110,62,RO,428,866,787,866
110,63,RO,737,282,252,299
110,64,RO,467,405,375,487
110,65,RO-UA,0,23,20,31
110,67,RO-UA,0,0,0,1
111,3,RO,0,5,5,3
111,4,RO,0,10,10,7
111,5,RO,73,109,111,105
111,6,RO,68,45,46,34
111,7,RO,0,47,48,67
111,8,RO,16,34,35,19
111,9,RO,0,22,22,16
111,17,RO,0,0,0,6
111,18,RO,68,158,159,121
111,19,RO,305,24,23,27
111,28,RO,269,141,154,94
111,29,RO,114,43,39,63
111,30,RO,239,262,249,236
111,46,RO,16,10,13,31
111,47,RO,3,66,61,73
111,49,RO,8,42,46,40
111,50,RO,61,1,1,2
111,53,RO,5,0,0,0
111,56,RO,1,0,0,0
111,57,RO,130,0,0,0
111,58,RO,17,0,0,0
111,60,RO,0,5,5,3
111,61,RO,52,23,18,13
111,62,RO,594,299,300,322
111,63,RO,744,312,294,313
111,64,RO,527,589,527,683
111,65,RO,28,17,15,15
112,3,RO,0,85,5,55
112,4,RO,20,41,42,43
112,5,RO,82,21,21,13
112,7,RO,56,3,3,6
112,8,RO,53,2,2,4
112,17,RO,0,3,3,15
112,18,RO,90,28,40,27
112,19,RO,11,0,0,3
112,21,RO,0,0,0,3
112,28,RO,0,97,135,72
112,29,RO,424,466,428,400
112,30,RO,640,371,336,337
112,31,RO,238,168,153,165
112,32,RO,27,55,50,37
112,47,RO,120,93,86,96
112,48,RO,251,221,211,188
112,49,RO,266,183,186,79
112,50,RO,2,0,0,0
112,52,RO,0,11,10,0
112,58,RO,24,0,0,0
112,59,RO,127,161,146,207
112,60,RO,49,560,513,609
112,61,RO,347,938,897,1101
112,62,RO,37,24,4,44
112,63,RO,684,467,425,452
112,64,RO,398,372,337,409
112,65,RO,312,129,115,195
113,1,RO,0,9,9,7
113,2,RO,0,16,16,12
113,3,RO,6,0,0,0
113,4,RO,2,0,0,0
113,16,RO,21,0,0,0
113,17,RO,32,0,0,0
113,18,RO,17,4,4,11
113,19,RO,9,0,0,2
113,20,RO,0,0,0,5
113,21,RO,0,10,9,11
113,24,RO,0,1,1,0
113,28,RO,12,151,137,135
113,29,RO,35,0,0,5
113,30,RO,77,0,0,0
113,31,RO,13,0,0,0
113,32,RO,20,32,29,32
113,33,RO,9,18,16,16
113,49,RO,219,89,83,175
113,52,RO,74,59,54,50
113,56,RO,6,0,0,0
113,57,RO,3,0,0,0
113,58,RO,1,0,0,0
113,59,RO,231,7,6,4
113,60,RO,731,230,212,419
113,61,RO,994,622,565,605
113,62,RO,0,99,90,129
113,63,RO,294,341,335,365
113,64,RO,300,77,79,101
113,65,RO,632,470,423,476
113,66,RO-UA,20,4,4,11
113,67,RO-UA,0,11,10,5
114,0,RO,52,26,26,23
114,1,RO,4,29,29,33
114,2,RO,0,53,54,35
114,13,RO,24,13,11,10
114,17,RO,11,0,0,1
114,20,RO,0,11,10,11
114,21,RO,2,37,0,39
114,22,RO,617,460,466,428
114,23,RO,464,184,171,194
114,24,RO,13,124,115,156
114,27,RO,11,164,170,152
114,28,RO,39,35,33,52
114,29,RO,0,3,3,7
114,34,RO,7,4,4,2
114,35,RO,12,0,0,0
114,49,RO,74,53,49,43
114,50,RO,123,164,174,143
114,52,RO,252,444,415,476
114,55,RO,9,11,1,0
114,56,RO,1,0,6,6
114,59,RO,0,15,9,28
114,60,RO,139,637,650,895
114,61,RO,554,311,317,352
114,62,RO,221,295,391,311
114,63,RO,57,235,213,246
114,64,RO,179,48,44,60
114,65,RO,192,283,251,247
114,66,RO-UA,312,224,199,219
114,67,RO-UA,20,110,98,156
114,68,RO-UA,0,0,0,2
115,0,RO,158,332,338,306
115,1,RO,966,544,558,480
115,2,RO,347,146,149,138
115,12,RO,0,40,34,49
115,13,RO,107,168,144,98
115,22,RO,3,0,0,0
115,23,RO,37,56,52,48
115,24,RO,773,689,672,748
115,25,RO,96,319,297,313
115,26,RO,0,240,227,210
115,27,RO,128,477,555,496
115,50,RO,146,334,319,240
115,51,RO,49,51,47,56
115,52,RO,315,417,384,332
115,53,RO,0,0,46,0
115,55,RO,2,0,0,0
115,56,RO,1,0,0,3
115,57,RO,0,2,2,0
115,58,RO,0,0,0,3
115,59,RO,11,38,66,188
115,60,RO,24,63,130,158
115,61,RO,0,125,113,133
115,62,RO,367,276,308,331
115,63,RO,81,13,0,31
115,64,RO,3,277,253,247
115,65,RO,45,64,58,94
115,66,RO-UA,238,247,219,265
115,67,RO-UA,144,145,140,174
116,0,RO,0,4,4,3
116,1,RO,97,13,13,10
116,9,RO,26,1,1,0
116,12,RO,19,7,6,10
116,13,RO,143,56,48,42
116,14,RO,66,61,52,58
116,24,RO,321,151,156,162
116,25,RO,1147,988,946,843
116,26,RO,1594,626,593,706
116,27,RO,118,10,9,21
116,40,RO,5,44,65,38
116,41,RO,58,0,0,0
116,48,RO,1,3,3,0
116,49,RO,6,0,0,1
116,50,RO,0,9,9,38
116,51,RO,253,337,314,354
116,52,RO,497,201,185,147
116,55,RO,0,14,4,17
116,56,RO,0,0,0,5
116,57,RO,0,57,48,0
116,58,RO,0,82,69,79
116,59,RO,38,4,3,19
116,60,RO,0,4,4,0
116,64,RO,64,79,73,161
116,65,RO,334,417,386,429
116,66,RO,0,63,57,62
116,67,RO-UA,86,178,211,171
116,68,RO-UA,26,421,369,456
116,69,RO-UA,19,0,0,0
117,3,RO,16,0,0,0
117,9,RO,0,22,19,18
117,10,RO,138,48,41,52
117,13,RO,0,3,3,4
117,14,RO,396,257,220,209
117,15,RO,2,0,0,0
117,25,RO,30,0,0,0
117,26,RO,183,97,90,98
117,27,RO,55,15,14,21
117,28,RO,0,8,7,0
117,39,RO,0,74,97,64
117,40,RO,224,81,82,68
117,51,RO,0,14,4,37
117,52,RO,103,184,195,297
117,53,RO,44,169,173,198
117,55,RO,5,36,52,84
117,56,RO,4,0,0,5
117,58,RO,69,524,454,505
117,59,RO,19,288,242,276
117,60,RO,0,108,111,116
117,61,RO,0,28,29,24
117,63,RO,12,0,0,0
117,64,RO,75,82,75,90
117,65,RO,465,502,478,474
117,66,RO,164,115,105,149
117,67,RO,63,238,244,244
117,68,RO-UA,457,735,677,930
117,69,RO-UA,0,119,99,108
117,70,RO-UA,0,1,1,7
118,1,RO,10,0,0,0
118,8,RO,0,22,19,10
118,9,RO,147,62,63,49
118,10,RO,123,82,70,46
118,11,RO,0,9,8,13
118,12,RO,0,1,1,0
118,14,RO,225,44,38,45
118,22,RO,0,1,1,0
118,23,RO,0,0,0,4
118,24,RO,0,10,9,5
118,25,RO,0,9,8,19
118,26,RO,0,7,7,4
118,27,RO,137,112,104,94
118,28,RO,3,29,27,37
118,29,RO,6,23,21,26
118,38,RO,0,8,20,4
118,39,RO,175,145,155,141
118,40,RO,17,0,0,0
118,51,RO,0,2,32,40
118,52,RO,285,560,579,764
118,53,RO,756,549,562,664
118,54,RO,571,748,765,880
118,55,RO,250,606,588,745
118,56,RO,48,29,24,34
118,57,RO,30,316,269,353
118,58,RO,71,157,141,293
118,59,RO,4,125,129,123
118,60,RO,51,193,199,202
118,61,RO,0,15,15,29
118,63,RO,0,7,7,7
118,64,RO,4,0,0,0
118,65,RO,49,129,118,192
118,66,RO,533,417,380,328
118,67,RO,86,427,369,422
118,68,RO,216,146,133,219
118,69,RO-UA,102,173,144,163
118,70,RO-UA,0,5,4,7
119,10,RO,45,12,10,1
119,11,RO,415,187,161,148
119,12,RO,0,16,14,37
119,14,RO,92,0,0,0
119,21,RO,0,0,0,1
119,25,RO,0,0,0,3
119,26,RO,234,268,249,242
119,27,RO,137,5,5,10
119,28,RO,0,0,0,1
119,36,RO,0,3,3,2
119,37,RO,0,108,159,90
119,38,RO,91,158,178,137
119,52,RO,586,402,436,623
119,53,RO,1217,798,827,924
119,54,RO,714,450,476,658
119,55,RO,650,911,932,1007
119,56,RO,559,1219,1160,1426
119,57,RO,224,370,326,352
119,58,RO,29,150,126,86
119,59,RO,0,115,119,122
119,60,RO,141,344,364,373
119,61,RO,0,7,7,19
119,63,RO,9,1,1,1
119,66,RO,714,408,375,432
119,67,RO,363,293,244,243
119,68,RO,145,285,251,288
119,69,RO,176,60,50,58
120,11,RO,132,15,13,10
120,12,RO,353,67,57,52
120,13,RO,297,187,160,146
120,14,RO,157,49,42,42
120,17,RO,1,0,0,0
120,25,RO,0,5,6,10
120,26,RO,29,91,90,73
120,27,RO,0,3,3,9
120,28,RO,0,0,0,5
120,35,RO,0,52,5,44
120,36,RO,0,226,30,161
120,37,RO,19,45,45,42
120,38,RO,176,9,9,11
120,52,RO,171,56,57,62
120,53,RO,667,496,508,586
120,54,RO,1109,874,900,966
120,55,RO,420,416,433,578
120,56,RO,117,115,119,111
120,57,RO,178,579,520,655
120,58,RO,59,247,207,308
120,59,RO,9,128,123,170
120,60,RO,164,193,220,216
120,61,RO,0,32,33,58
120,62,RO,1,0,0,0
120,66,RO,144,87,94,74
120,67,RO,70,118,100,98
120,68,RO,677,390,340,375
120,69,RO,41,132,110,160
120,70,RO-UA,4,34,28,36
121,9,RO,0,8,7,4
121,14,RO,68,100,85,69
121,25,RO,10,3,3,4
121,26,RO,16,8,2,8
121,35,RO,0,1,1,4
121,52,RO,1,0,0,4
121,53,RO,197,248,258,291
121,54,RO,885,576,598,766
121,55,RO,576,397,561,492
121,56,RO,5,0,0,4
121,57,RO,151,279,247,264
121,58,RO,246,467,400,386
121,59,RO,66,186,173,168
121,60,RO,111,237,244,269
121,61,RO,136,197,203,256
121,62,RO,2,0,0,0
121,65,RO,0,19,3,49
121,66,RO,436,453,465,478
121,67,RO,98,62,69,62
121,68,RO,511,340,283,284
121,69,RO,254,224,187,222
121,70,RO-UA,92,73,61,52
122,1,RO,17,0,0,0
122,2,RO,7,0,0,0
122,3,RO,0,0,0,5
122,4,RO,0,0,0,2
122,5,RO,0,50,43,38
122,13,RO,0,77,66,85
122,14,RO,61,33,28,13
122,16,RO,0,17,15,17
122,24,RO,9,15,14,7
122,25,RO,3,19,14,17
122,41,RO,0,11,11,12
122,42,RO,142,206,199,209
122,48,RO,0,52,49,55
122,49,RO,0,41,38,68
122,50,RO,0,45,52,47
122,51,RO,60,88,85,92
122,53,RO,0,0,15,18
122,54,RO,183,90,95,294
122,55,RO,265,40,41,72
122,56,RO,3,0,0,0
122,57,RO,8,0,0,2
122,58,RO,77,73,61,85
122,59,RO,0,23,19,15
122,60,RO,36,58,64,126
122,61,RO,95,49,53,45
122,64,RO,0,40,48,66
122,65,RO,112,187,194,203
122,66,RO,496,498,512,512
122,67,RO,330,182,184,211
122,68,RO,83,206,172,250
122,69,RO,711,63,55,158
122,70,RO-UA,8,0,0,0
123,3,RO,3,0,0,0
123,5,RO,268,34,29,49
123,6,RO,528,139,138,113
123,7,RO,28,60,52,56
123,11,RO,9,8,7,10
123,13,RO,50,186,159,155
123,14,RO,96,172,147,256
123,15,RO,15,150,128,155
123,16,RO,85,219,187,238
123,17,RO,50,108,92,107
123,18,RO,0,33,26,23
123,22,RO,158,140,133,158
123,23,RO,0,0,0,3
123,24,RO,0,75,72,87
123,25,RO,43,0,0,0
123,38,RO,18,19,18,21
123,41,RO,0,11,11,16
123,42,RO,677,784,784,852
123,43,RO,169,296,286,298
123,47,RO,0,0,0,10
123,48,RO,8,215,202,208
123,49,RO,460,306,302,332
123,50,RO,81,87,81,104
123,51,RO,1,0,0,0
123,54,RO,0,21,38,49
123,55,RO,0,18,18,12
123,57,RO,9,0,0,2
123,60,RO,0,0,24,0
123,64,RO,14,66,175,137
123,65,RO,42,274,277,239
123,66,RO,543,475,481,484
123,67,RO,71,98,82,77
123,68,RO,429,436,371,419
123,69,RO,150,2,2,2
123,73,RO-UA,0,55,47,40
123,74,RO-UA,0,3,2,0
124,7,RO,427,224,194,289
124,8,RO,389,1485,1289,1447
124,9,RO,10,149,129,143
124,10,RO,176,98,85,65
124,11,RO,0,30,26,30
124,12,RO,13,88,75,93
124,13,RO,119,251,215,250
124,14,RO,345,407,348,365
124,15,RO,946,524,448,410
124,16,RO,275,69,59,66
124,17,RO,21,45,38,42
124,18,RO,105,177,163,188
124,19,RO,10,221,210,212
124,22,RO,189,165,157,160
124,23,RO,220,400,386,440
124,24,RO,861,1076,1023,989
124,25,RO,140,110,104,100
124,33,RO,0,0,0,2
124,38,RO,178,92,89,84
124,39,RO,0,39,38,35
124,40,RO,0,24,6,21
124,42,RO,453,438,426,484
124,43,RO,501,382,374,412
124,44,RO,11,59,57,118
124,47,RO,68,109,102,94
124,48,RO,246,187,174,186
124,49,RO,401,39,36,16
124,52,RO,12,0,0,0
124,53,RO,0,4,4,190
124,54,RO,101,598,571,901
124,55,RO,259,848,792,980
124,56,RO,76,4,4,1
124,57,RO,0,92,90,0
124,58,RO,7,57,64,184
124,59,RO,0,26,31,159
124,60,RO,320,327,461,645
124,61,RO,5,0,0,25
124,63,RO,0,0,0,4
124,64,RO,0,0,11,0
124,65,RO,1,97,98,232
124,66,RO,525,271,298,313
124,67,RO,10,139,116,106
124,68,RO,629,290,246,298
124,71,RO-UA,33,0,0,0
124,72,RO-UA,164,163,140,112
124,73,RO-UA,407,165,143,100
124,74,RO-UA,0,7,6,3
125,7,RO,0,57,49,67
125,8,RO,1111,424,368,339
125,9,RO,220,98,85,80
125,14,RO,0,39,33,29
125,15,RO,30,197,168,134
125,17,RO,0,105,100,106
125,18,RO,323,385,366,366
125,19,RO,144,93,0,113
125,20,RO,125,459,436,450
125,21,RO,0,287,273,286
125,22,RO,297,369,351,297
125,23,RO,627,209,199,199
125,24,RO,1729,609,582,591
125,25,RO,483,363,352,393
125,26,RO,12,0,0,0
125,32,RO,80,32,33,39
125,33,RO,0,0,0,4
125,34,RO,0,93,115,77
125,35,RO,40,78,79,40
125,36,RO,0,23,22,25
125,37,RO,0,111,107,121
125,38,RO,319,167,161,174
125,39,RO,0,4,4,9
125,40,RO,48,97,94,102
125,41,RO,11,45,54,67
125,42,RO,12,1,1,5
125,43,RO,3,16,17,17
125,48,RO,0,5,5,9
125,49,RO,5,0,0,0
125,52,RO,56,0,0,0
125,53,RO,0,30,27,50
125,54,RO,805,969,882,821
125,55,RO,1934,1326,1211,1163
125,56,RO,244,138,126,237
125,57,RO,0,0,0,6
125,58,RO,645,144,170,227
125,59,RO,2176,1781,2111,1651
125,60,RO,2126,1619,1928,1642
125,61,RO,121,208,260,596
125,65,RO,289,364,369,382
125,66,RO,446,271,274,282
125,67,RO,33,152,127,130
125,68,RO,473,262,219,240
125,72,RO-UA,28,13,11,7
125,73,RO-UA,316,248,232,207
125,74,RO-UA,0,24,21,8
126,7,RO,53,178,154,225
126,12,RO,0,1,1,0
126,13,RO,0,3,3,0
126,14,RO,28,98,84,77
126,15,RO,5,0,0,0
126,16,RO,19,2,2,2
126,17,RO,303,109,104,95
126,18,RO,114,20,19,13
126,19,RO,0,1,1,0
126,20,RO,38,27,26,34
126,21,RO,82,104,99,88
126,24,RO,0,15,14,19
126,25,RO,529,348,331,407
126,29,RO,0,5,5,11
126,31,RO,0,34,35,22
126,32,RO,0,85,87,111
126,33,RO,7,28,30,37
126,34,RO,6,0,0,0
126,37,RO,124,15,14,10
126,38,RO,553,300,290,313
126,39,RO,4,6,6,4
126,40,RO,5,118,129,142
126,41,RO,52,163,229,170
126,42,RO,29,100,109,116
126,43,RO,54,14,15,15
126,46,RO,0,7,7,0
126,48,RO,2,0,0,0
126,51,RO,64,0,0,0
126,52,RO,4,0,0,0
126,53,RO,0,79,74,130
126,54,RO,346,369,336,461
126,55,RO,483,235,214,282
126,56,RO,566,153,186,302
126,57,RO,122,322,294,368
126,58,RO,1230,2904,3392,3414
126,59,RO,5363,4558,5380,4184
126,60,RO,4872,2470,2919,2355
126,61,RO,1910,590,710,851
126,65,RO,449,609,625,590
126,66,RO,416,36,3,52
126,67,RO,12,42,35,42
126,68,RO,122,33,27,37
126,73,RO-UA,6,21,18,13
127,7,RO,25,0,0,0
127,12,RO,0,16,14,15
127,13,RO,30,227,194,216
127,14,RO,8,0,0,7
127,16,RO,34,0,0,0
127,17,RO,4,0,0,0
127,18,RO,2,0,0,0
127,21,RO,1,0,0,0
127,24,RO,0,0,0,5
127,25,RO,30,3,3,19
127,29,RO,12,35,36,32
127,30,RO,0,6,6,7
127,31,RO,420,330,338,338
127,32,RO,603,499,517,466
127,33,RO,143,38,6,27
127,38,RO,250,41,40,38
127,39,RO,0,12,12,9
127,40,RO,54,85,92,79
127,41,RO,26,96,104,161
127,42,RO,135,240,261,270
127,43,RO,0,46,50,58
127,44,RO,0,14,14,12
127,45,RO,0,44,41,48
127,46,RO,11,80,2,66
127,47,RO,0,68,63,95
127,48,RO,6,100,93,82
127,49,RO,10,136,135,160
127,50,RO,0,66,4,99
127,51,RO,110,2,2,0
127,52,RO,5,77,84,167
127,53,RO,219,359,381,357
127,54,RO,335,372,414,680
127,55,RO,0,0,0,41
127,56,RO,0,0,0,2
127,57,RO,0,30,30,52
127,58,RO,1008,2511,2975,2188
127,59,RO,4428,5097,6018,4433
127,60,RO,3793,1109,1330,1068
127,61,RO,956,217,259,282
127,64,RO,0,0,0,1
127,65,RO,477,388,393,405
127,70,RO,0,12,10,15
127,71,RO,0,4,3,13
127,73,RO-UA,0,20,30,7
127,74,RO-UA,0,0,0,1
